bnf_name,bnf_code,old_quantity,total_ome
Tramadol 50mg capsules,040702040AAAAAA,491546793.0,2457733965.0
Longtec 60mg modified-release tablets,0407020ADBEAIAQ,952372.0,114284640.0
Sevredol 10mg tablets,0407020Q0BHACCD,3702632.0,37026320.0
Effentora 400microgram buccal tablets,0407020A0BKACBE,27989.0,1455428.0
Physeptone 20mg/2ml solution for injection ampoules,0407020M0BBACA3,58.0,3480.0
Tramadol 75mg / Paracetamol 650mg tablets,040702040AABCBC,60.0,450.0
Sevodyne 10micrograms/hour transdermal patches,0407020B0BMABAI,92076.0,15468768.0
MST Continus 15mg tablets,0407020Q0BBALCF,2801996.0,42029940.0
OxyContin 10mg modified-release tablets,0407020ADBCAAAF,901462.0,18029240.0
Abtard 40mg modified-release tablets,0407020ADBMAEAH,72991.0,5839280.0
Hydromorphone 10mg/1ml solution for injection ampoules,040702050AAANAN,967.0,48350.0
Oxycodone 10mg modified-release tablets,0407020ADAAAFAF,2641304.0,52826080.0
Dihydrocodeine 120mg modified-release tablets,0407020G0AAAFAF,2568329.0,30819948.0
Tramadol 100mg modified-release tablets,040702040AAACAC,3291355.0,32913550.0
OxyContin 5mg modified-release tablets,0407020ADBCAEAK,262629.0,2626290.0
Reltebon 30mg modified-release tablets,0407020ADBKAGAR,116164.0,6969840.0
Oxeltra 30mg modified-release tablets,0407020ADBLACAR,337400.0,20244000.0
Temgesic 400microgram sublingual tablets,0407020B0BBADAD,304357.0,7304568.0
Palexia SR 200mg tablets,0407020AGBBAFAF,30788.0,2463040.0
Tilodol SR 200mg tablets,040702040BSACAE,3493.0,69860.0
Buplast 35micrograms/hour transdermal patches,0407020B0BNAAAE,829.0,278544.0
Co-codaprin 8mg/400mg dispersible tablets,0407010M0AAABAB,3746.0,2996.8
Matrifen 25micrograms/hour transdermal patches,0407020A0BEABAE,1131234.0,203622120.0
Buprenorphine 200microgram sublingual tablets sugar free,0407020B0AAABAB,3125827.0,37509924.0
Diamorphine 10mg powder for solution for injection ampoules,0407020K0AAABAB,165646.0,4969380.0
Oxycodone 20mg/2ml solution for injection ampoules,0407020ADAAAMAM,75305.0,3012200.0
Zamadol SR 200mg capsules,040702040BDAEAJ,84042.0,1680840.0
Palladone SR 16mg capsules,040702050BBAFAA,3164.0,253120.0
Meptazinol 100mg/1ml solution for injection ampoules,0407020L0AAAAAA,36.0,108.0
Cynril 400microgram loz with integral oromucosal applicator,0407020A0BWABAJ,948.0,37920.0
Ultramol Soluble tablets,0407010X0BZAAAY,100.0,80.0
Durogesic 100micrograms transdermal patches,0407020A0BBADAH,20.0,14400.0
Co-codamol 30mg/500mg tablets,0407010F0AAAHAH,607645867.0,1822937601.0
Zomorph 10mg modified-release capsules,0407020Q0BKAAEF,54936231.0,549362310.0
Abtard 80mg modified-release tablets,0407020ADBMAHAI,12586.0,2013760.0
Durogesic DTrans 75micrograms/hour transdermal patches,0407020A0BBAKAG,99675.0,53824500.0
Fentalis Reservoir 75micrograms/hour transdermal patches,0407020A0BGACAG,240.0,129600.0
Morphine tartrate 10mg/1ml / Cyclizine tartrate 50mg inj amp,040702020AAAAAA,1099.0,21980.0
Kapake 30mg/500mg capsules,0407010F0BHADAD,1547760.0,4643280.0
Morphine 200mg modified-release tablets,0407020Q0AAAGAG,16565.0,3313000.0
Maxitram SR 50mg capsules,040702040BPAAAG,613880.0,3069400.0
Morphine 100mg modified-release tablets,0407020Q0AAAHAH,203891.0,20389100.0
Dihydrocodeine 10mg/5ml oral solution,0407020G0AAAAAA,131760.0,26352.0
Invodol SR 100mg tablets,040702040BTAAAC,110773.0,1107730.0
Ixyldone 80mg modified-release tablets,0407020ADBTAHAI,2870.0,459200.0
Tramulief SR 100mg tablets,040702040BKAAAC,3587633.0,35876330.0
Mezolar Matrix 12micrograms/hour transdermal patches,0407020A0BFAAAU,307403.0,26559619.200000007
Oxycodone 20mg capsules,0407020ADAAAEAE,776817.0,31072680.0
Morphine sulfate 30mg/1ml solution for injection ampoules,0407020Q0AAADAD,99766.0,5985960.0
Tramadol 300mg modified-release tablets,040702040AAAMAM,58039.0,1741170.0
Zamadol 24hr 150mg modified-release tablets,040702040BDAHAD,21698.0,325470.0
Fentanyl 400microgram buccal tablets sugar free,0407020A0AABEBE,38622.0,2008344.0
Morphine 200mg modified-release capsules,0407020Q0AAEIEI,32889.0,6577800.0
Codis 500 dispersible tablets,0407010W0BHAAAD,902.0,721.6000000000003
Paracodol 8mg/500mg effervescent tablets,0407010F0BBABAC,284.0,227.20000000000002
Temgesic 200microgram sublingual tablets,0407020B0BBAAAB,644099.0,7729188.0
Shortec 10mg/ml concentrate oral solution,0407020ADBJAHAB,340618.0,6812360.0
Zamadol SR 150mg capsules,040702040BDADAI,38908.0,583620.0
Effentora 600microgram buccal tablets,0407020A0BKADBF,7638.0,595764.0
Diamorphine 10mg tablets,0407020K0AACBCB,73277.0,732770.0
Fentanyl 800microgram buccal tablets sugar free,0407020A0AABGBG,4500.0,468000.0
Codeine 30mg tablets,0407020C0AAAEAE,279861835.0,839585505.0
Buprenorphine 10micrograms/hour transdermal patches,0407020B0AAAIAI,477976.0,80299968.0
OxyNorm 5mg capsules,0407020ADBBACAC,737188.0,7371880.0
Tramadol 50mg orodispersible tablets sugar free,040702040AAATAT,666135.0,3330675.0
Abstral 100microgram sublingual tablets,0407020A0BJAAAW,140270.0,1823510.0
Morphine 30mg modified-release granules sachets sugar free,0407020Q0AACPCP,68890.0,2066700.0
Palexia SR 100mg tablets,0407020AGBBADAD,64918.0,2596720.0
Ibuprofen 200mg / Codeine 12.8mg tablets,1001010J0AAAYAY,43634.0,55851.52000000001
Relevtec 52.5micrograms/hour transdermal patches,0407020B0BPABAF,13931.0,7021224.0
Co-dydramol 7.46mg/500mg tablets,0407010N0AAAJAJ,5504.0,4105.984
Tylex 30mg/500mg capsules,0407010F0BEAAAD,3900779.0,11702337.0
Palexia SR 150mg tablets,0407020AGBBAEAE,24883.0,1492980.0
Hapoctasin 35micrograms/hour transdermal patches,0407020B0BGAAAE,18383.0,6176688.0
Fentanyl 25micrograms/hour transdermal patches,0407020A0AAAEAE,391004.0,70380720.0
Fencino 100micrograms/hour transdermal patches,0407020A0BQAEAH,155942.0,112278240.0
Zydol SR 100mg tablets,040702040BBACAC,396710.0,3967100.0
Tradorec XL 200mg tablets,040702040BIABAE,53398.0,1067960.0
Oxypro 80mg modified-release tablets,0407020ADBSAHAI,186426.0,29828160.0
Tradorec XL 100mg tablets,040702040BIAAAC,63589.0,635890.0
Zydol 50mg soluble tablets,040702040BBAFAF,83783.0,418915.0
Palladone SR 4mg capsules,040702050BBADAG,14385.0,287700.0
Ixyldone 40mg modified-release tablets,0407020ADBTAFAH,2084.0,166720.0
Leveraxo 30mg modified-release tablets,0407020ADBPADAR,42.0,2520.0
Longtec 40mg modified-release tablets,0407020ADBEADAH,2814710.0,225176800.0
Morphgesic SR 10mg tablets,0407020Q0BNAAAK,1583538.0,15835380.0
Dihydrocodeine 90mg modified-release tablets,0407020G0AAAEAE,1762239.0,15860151.0
Victanyl 25micrograms/hour transdermal patches,0407020A0BMAAAE,4581.0,824580.0
Yemex 25micrograms/hour transdermal patches,0407020A0BVABAE,4998.0,899640.0
MST Continus suspension 60mg granules sachets,0407020Q0BBAHDC,25990.0,1559400.0
Diamorphine 5mg powder for solution for injection vials,0407020K0AAEFEF,90.0,1350.0
Morphine hydrochloride 10mg/5ml oral solution,0407020P0AAASAS,600.0,1200.0
Butec 15micrograms/hour transdermal patches,0407020B0BHADAK,592423.0,149290596.0
Tramadol 100mg modified-release capsules,040702040AAAHAH,6337519.0,63375190.0
Longtec 30mg modified-release tablets,0407020ADBEAHAR,2506130.0,150367800.0
Oxycodone 5mg modified-release tablets,0407020ADAAAKAK,1854984.0,18549840.0
MST Continus 100mg tablets,0407020Q0BBADAH,503186.0,50318600.0
BuTrans 5micrograms/hour transdermal patches,0407020B0BEAAAH,166508.0,13986672.0
OxyNorm liquid 5mg/5ml oral solution,0407020ADBBAAAA,20654852.0,41309704.0
Oxycodone 80mg modified-release tablets,0407020ADAAAIAI,179357.0,28697120.0
Codeine 25mg/5ml oral solution,0407020C0AAABAB,4649445.0,2324722.5
Zydol XL 400mg tablets,040702040BBAJAN,12638.0,505520.0
Opiodur 50micrograms/hour transdermal patches (RX Farma),0407020A0BRAHAF,455.0,163800.0
Tilodol SR 150mg tablets,040702040BSABAD,1494.0,22410.0
OxyNorm 20mg/2ml solution for injection ampoules,0407020ADBBAGAM,2717.0,108680.0
Cynril 800microgram loz with integral oromucosal applicator,0407020A0BWADAL,1566.0,125280.0
Brimisol PR 100mg tablets,040702040BWAAAC,836.0,8360.0
MST Continus 10mg tablets,0407020Q0BBAAAK,9312554.0,93125540.0
Mezolar Matrix 37.5microgram/hour transdermal patches,0407020A0BFAFBW,138060.0,37276200.0
Tramadol 200mg modified-release tablets,040702040AAAEAE,776040.0,15520800.0
Zamadol SR 50mg capsules,040702040BDABAG,77900.0,389500.0
Bunov 20micrograms/hour transdermal patches,0407020B0BUACAJ,78666.0,26431776.0
Hydromorphone 50mg/1ml solution for injection ampoules,040702050AAAPAP,5.0,1250.0
Buprenorphine 5micrograms/hour transdermal patches,0407020B0AAAHAH,587599.0,49358316.0
Kapake 30mg/500mg tablets,0407010F0BHAAAH,4264864.0,12794592.0
Sevodyne 20micrograms/hour transdermal patches,0407020B0BMACAJ,55745.0,18730320.0
Morphgesic SR 60mg tablets,0407020Q0BNACAI,234155.0,14049300.0
Opiodur 12micrograms/hour transdermal patches (Zentiva),0407020A0BRAKAU,974.0,84153.6
Codipar 15mg/500mg effervescent tablets,0407010F0BVACAW,3384.0,5076.0
Oxyargin 20mg/10mg modified-release tablets,0407020AFBDACAB,396.0,15840.0
Oxeltra 10mg modified-release tablets,0407020ADBLAFAF,1040556.0,20811120.0
MST Continus 60mg tablets,0407020Q0BBACAI,1702106.0,102126360.0
Solpadol 30mg/500mg effervescent tablets,0407010F0BGAAAF,9836631.0,29509893.0
Tramacet 37.5mg/325mg tablets,040702040BFAAAU,905912.0,3397170.0
Dihydrocodeine 40mg tablets,0407020G0AAAIAI,341422.0,1365688.0
Fentanyl 400microgram sublingual tablets sugar free,0407020A0AAAZAZ,12210.0,634920.0
Buplast 52.5micrograms/hour transdermal patches,0407020B0BNABAF,350.0,176400.0
Longtec 10mg modified-release tablets,0407020ADBEABAF,8207103.0,164142060.0
Tramquel SR 50mg capsules,040702040BJAAAG,29639.0,148195.0
Oxypro 5mg modified-release tablets,0407020ADBSAAAK,751069.0,7510690.0
Oxeltra 80mg modified-release tablets,0407020ADBLABAI,139629.0,22340640.0
Aspirin 500mg / Codeine 8mg dispersible tablets sugar free,0407010W0AAADAD,1944.0,1555.2000000000003
Cyclimorph 10 solution for injection 1ml ampoules,040702020BBAAAA,3115.0,62300.0
Opiodur 50micrograms/hour transdermal patches (Zentiva),0407020A0BRAMAF,699.0,251640.0
Codeine 15mg tablets,0407020C0AAADAD,135796520.0,203694780.0
Tramadol 150mg modified-release tablets,040702040AAADAD,481707.0,7225605.0
Morphine 90mg modified-release capsules,0407020Q0AADUDU,22087.0,1987830.0
Panadol Ultra 12.8mg/500mg tablets,0407010F0BIAAAP,660.0,844.8000000000001
Tramquel SR 150mg capsules,040702040BJACAI,8154.0,122310.0
Invodol SR 200mg tablets,040702040BTACAE,31188.0,623760.0
Fentalis Reservoir 25micrograms/hour transdermal patches,0407020A0BGAAAE,109.0,19620.0
Co-dydramol 10mg/500mg/5ml oral suspension,0407010N0AAAGAG,39920.0,7984.0
Opiodur 75micrograms/hour transdermal patches (Zentiva),0407020A0BRANAG,225.0,121500.0
Morphine 0.2% in Intrasite gel,0407020Q0AAFYFY,2280.0,
Tramadol 50mg modified-release tablets,040702040AAAYAY,6689603.0,33448015.0
Diamorphine 5mg powder for solution for injection ampoules,0407020K0AAAAAA,115368.0,1730520.0
Renocontin 20mg modified-release tablets,0407020ADBRADAG,142723.0,5708920.0
Effentora 200microgram buccal tablets,0407020A0BKABBD,44606.0,1159756.0
Turgeon 52.5micrograms/hour transdermal patches,0407020B0BSABAF,88.0,44352.0
Tapentadol 50mg modified-release tablets,0407020AGAAACAC,3160314.0,63206280.0
Sevodyne 5micrograms/hour transdermal patches,0407020B0BMAAAH,86786.0,7290024.0
Oxylan 5mg modified-release tablets (Chanelle Medical),0407020ADBFAAAK,17687.0,176870.0
Shortec 10mg/1ml solution for injection ampoules,0407020ADBJADAL,5746.0,114920.0
Mabron 100mg modified-release tablets (Morningside),040702040BHAAAC,47028.0,470280.0
Tilodol SR 100mg tablets,040702040BSAAAC,14970.0,149700.0
Codeine 30mg/5ml oral solution,0407020C0AAAPAP,200.0,120.0
Morphine 30mg modified-release capsules,0407020Q0AAEGEG,3400052.0,102001560.0
Buprenorphine 20micrograms/hour transdermal patches,0407020B0AAAJAJ,215865.0,72530640.0
Morphine 60mg modified-release tablets,0407020Q0AAAIAI,845699.0,50741940.0
OxyContin 80mg modified-release tablets,0407020ADBCADAI,130733.0,20917280.0
Oxeltra 15mg modified-release tablets,0407020ADBLAGAS,205724.0,6171720.0
Ixyldone 60mg modified-release tablets,0407020ADBTAGAQ,1232.0,147840.0
Marol 150mg modified-release tablets (Morningside),040702040BNABAD,176.0,2640.0
DHC Continus 120mg tablets,0407020G0BBACAF,318143.0,3817716.0
Oxycodone 10mg/1ml solution for injection ampoules,0407020ADAAALAL,564013.0,11280260.0
Durogesic DTrans 100micrograms/hour transdermal patches,0407020A0BBALAH,155073.0,111652560.0
Abtard 20mg modified-release tablets,0407020ADBMADAG,83114.0,3324560.0
Hydromorphone 4mg modified-release capsules,040702050AAAGAG,50420.0,1008400.0
Turgeon 35micrograms/hour transdermal patches,0407020B0BSAAAE,98.0,32928.0
Cyclimorph 15 solution for injection 1ml ampoules,040702020BBABAB,1455.0,43650.0
Co-dydramol 10mg/500mg tablets,0407010N0AAAAAA,168579096.0,168579096.0
Zapain 30mg/500mg capsules,0407010F0BSABAD,33285520.0,99856560.0
Co-codamol 8mg/500mg effervescent tablets,0407010F0AAACAC,23825229.0,19060183.200000025
Tramadol 150mg modified-release capsules,040702040AAAIAI,922886.0,13843290.0
Targinact 5mg/2.5mg modified-release tablets,0407020AFBBACAC,197685.0,1976850.0
Palexia SR 50mg tablets,0407020AGBBACAC,107247.0,2144940.0
Morphine sulfate 50mg/5ml solution for injection ampoules,0407020Q0AAFWFW,10.0,1000.0
Buplast 70micrograms/hour transdermal patches,0407020B0BNACAG,1433.0,962976.0
Zytram SR 100mg tablets,040702040BVACAC,3038.0,30380.0
Oxyargin 5mg/2.5mg modified-release tablets,0407020AFBDAAAC,42.0,420.0
Fentanyl 75micrograms/hour transdermal patches,0407020A0AAAGAG,85810.0,46337400.0
Panitaz 10micrograms/hour transdermal patches,0407020B0BLABAI,9105.0,1529640.0
Targinact 40mg/20mg modified-release tablets,0407020AFBBADAD,91676.0,7334080.0
Physeptone 10mg/1ml solution for injection ampoules,0407020M0BBABAV,8046.0,241380.0
Morphine tartrate 15mg/1ml / Cyclizine tartrate 50mg inj amp,040702020AAABAB,5.0,150.0
Bunov 10micrograms/hour transdermal patches,0407020B0BUABAI,151641.0,25475688.0
Fencino 75micrograms/hour transdermal patches,0407020A0BQADAG,122270.0,66025800.0
Oxypro 15mg modified-release tablets,0407020ADBSACAS,274672.0,8240160.0
Durogesic DTrans 50micrograms/hour transdermal patches,0407020A0BBAJAF,177014.0,63725040.0
OxyContin 60mg modified-release tablets,0407020ADBCAGAQ,75346.0,9041520.0
Tramadol 100mg/ml oral drops,040702040AABBBB,4490.0,44900.0
Actiq 400microgram loz with integral oromucosal applicator,0407020A0BCABAJ,40845.0,1633800.0
Palexia 20mg/ml oral solution,0407020AGBBAHAH,10400.0,83200.0
PecFent 100micrograms/dose nasal spray,0407020A0BPAABJ,6299.0,100784.0
Remedeine tablets,0407010N0BGAAAH,1735253.0,3470506.0
Oxycodone 20mg modified-release tablets,0407020ADAAAGAG,1483799.0,59351960.0
Meptid 200mg tablets,0407020L0BBAAAB,149357.0,896142.0
OxyContin 20mg modified-release tablets,0407020ADBCABAG,656000.0,26240000.0
Buprenorphine 15micrograms/hour transdermal patches,0407020B0AAAKAK,119533.0,30122316.0
MXL 150mg capsules,0407020Q0BIAEDW,25611.0,3841650.0
MST Continus suspension 20mg granules sachets,0407020Q0BBAFCV,178199.0,3563980.0
Shortec 20mg/2ml solution for injection ampoules,0407020ADBJAEAM,1204.0,48160.0
Co-codamol 15mg/500mg capsules,0407010F0AAAVAV,18216845.0,27325267.5
Morphine 30mg modified-release tablets,0407020Q0AAALAL,3121258.0,93637740.0
Solpadol 30mg/500mg caplets,0407010F0BGABAH,8895766.0,26687298.0
Zytram SR 150mg tablets,040702040BVAAAD,1525.0,22875.0
Onexila XL 10mg tablets,0407020ADBQAAAF,2988.0,59760.0
Dihydrocodeine 30mg tablets,0407020G0AAACAC,120176529.0,360529587.0
MXL 90mg capsules,0407020Q0BIACDU,41132.0,3701880.0
Abstral 200microgram sublingual tablets,0407020A0BJABAX,71565.0,1860690.0
Oxylan 20mg modified-release tablets (Chanelle Medical),0407020ADBFACAG,16565.0,662600.0
Morphine sulfate 10mg/10ml solution for injection ampoules,0407020Q0AAGAGA,2172.0,43440.0
Morphine sulfate 50mg/50ml solution for infusion vials,0407020Q0AAENEN,160.0,16000.0
Bupramyl 10micrograms/hour transdermal patches,0407020B0BQABAI,318.0,53424.0
Tramadol 75mg modified-release tablets,040702040AAAPAP,4425.0,33187.5
Co-proxamol 32.5mg/325mg/5ml oral suspension,0407010Q0AAADAD,1482.0,963.3000000000001
Palexia 75mg tablets,0407020AGBBABAB,4902.0,147060.0
Fentanyl 600microgram buccal tablets sugar free,0407020A0AABFBF,5812.0,453336.0
Reletrans 10micrograms/hour transdermal patches,0407020B0BKABAI,157041.0,26382888.0
Oxypro 10mg modified-release tablets,0407020ADBSABAF,1329870.0,26597400.0
Longtec 80mg modified-release tablets,0407020ADBEAEAI,987246.0,157959360.0
OxyContin 30mg modified-release tablets,0407020ADBCAHAR,154136.0,9248160.0
Fentanyl 200microgram lozenges,0407020A0AAAIAI,122178.0,2443560.0
Zamadol 24hr 400mg modified-release tablets,040702040BDAKAN,3993.0,159720.0
Physeptone 50mg/1ml solution for injection ampoules,0407020M0BBAIAC,1945.0,291750.0
Morphine sulfate 10mg/10ml inj pre-filled syringes,0407020Q0AAFJFJ,28.0,560.0
Fentanyl 200microgram buccal tablets sugar free,0407020A0AABDBD,90791.0,2360566.0
Diamorphine 100mg powder for solution for injection ampoules,0407020K0AAAFAF,65072.0,19521600.0
Yemex 100micrograms/hour transdermal patches,0407020A0BVAEAH,2983.0,2147760.0
Zamadol 24hr 200mg modified-release tablets,040702040BDAIAE,16025.0,320500.0
Renocontin 60mg modified-release tablets,0407020ADBRAGAQ,21088.0,2530560.0
Bunov 5micrograms/hour transdermal patches,0407020B0BUAAAH,172136.0,14459424.0
Oxypro 20mg modified-release tablets,0407020ADBSADAG,932845.0,37313800.0
Oxycodone 30mg modified-release tablets,0407020ADAAARAR,553952.0,33237120.0
Oxycodone 10mg/ml oral solution sugar free,0407020ADAAABAB,1596748.0,31934960.0
Carexil 10mg modified-release tablets,0407020ADBDABAF,495.0,9900.0
Butec 10micrograms/hour transdermal patches,0407020B0BHABAI,1884139.0,316535352.0
OxyContin 40mg modified-release tablets,0407020ADBCACAH,242557.0,19404560.0
Tramadol 400mg modified-release tablets,040702040AAANAN,61437.0,2457480.0
Onexila XL 40mg tablets,0407020ADBQACAH,2922.0,233760.0
Carlosafine 70micrograms/hour transdermal patches,0407020B0BTACAG,481.0,323232.0
Sevodyne 15micrograms/hour transdermal patches,0407020B0BMADAK,281.0,70812.0
Osmanil 25micrograms/hour transdermal patches,0407020A0BLAAAE,5.0,900.0
Fentanyl 12micrograms/hour transdermal patches,0407020A0AAAUAU,416201.0,35959766.4
Tramulief SR 150mg tablets,040702040BKABAD,647356.0,9710340.0
Palexia SR 250mg tablets,0407020AGBBAGAG,13426.0,1342600.0
Relevtec 70micrograms/hour transdermal patches,0407020B0BPACAG,9156.0,6152832.0
Renocontin 5mg modified-release tablets,0407020ADBRAAAK,89326.0,893260.0
Effentora 800microgram buccal tablets,0407020A0BKAEBG,9743.0,1013272.0
Zydol SR 200mg tablets,040702040BBAEAE,190656.0,3813120.0
Abtard 60mg modified-release tablets,0407020ADBMAGAQ,37231.0,4467720.0
OxyNorm 10mg capsules,0407020ADBBADAD,681902.0,13638040.0
DF 118 Forte 40mg tablets,0407020G0BCADAI,40033.0,160132.0
Ixyldone 20mg modified-release tablets,0407020ADBTADAG,3530.0,141200.0
Fentanyl 300microgram sublingual tablets sugar free,0407020A0AAAYAY,2718.0,106002.0
Oxyargin 40mg/20mg modified-release tablets,0407020AFBDADAD,336.0,26880.0
Diamorphine 500mg powder for solution for injection vials,0407020K0AAEIEI,5.0,7500.0
Butec 5micrograms/hour transdermal patches,0407020B0BHAAAH,2009254.0,168777336.0
Emcozin 30mg/500mg tablets,0407010F0BYAAAH,711184.0,2133552.0
Morphine 60mg modified-release capsules,0407020Q0AAEHEH,815130.0,48907800.0
Mabron 100mg modified-release tablets (Teva),040702040BHADAC,83418.0,834180.0
Oxycodone 50mg/1ml solution for injection ampoules,0407020ADAAANAN,68042.0,6804200.0
MXL 120mg capsules,0407020Q0BIADDV,49001.0,5880120.0
Cynril 200microgram loz with integral oromucosal applicator,0407020A0BWAAAI,6929.0,138580.0
Diamorphine 10mg/5ml oral solution,0407020K0AADIDI,98.0,196.0
Fentanyl 800microgram sublingual tablets sugar free,0407020A0AABBBB,12705.0,1321320.0
Co-codamol 15mg/500mg tablets,0407010F0AAAKAK,144320817.0,216481225.5
Morphine 10mg modified-release tablets,0407020Q0AAAKAK,7833619.0,78336190.0
Hapoctasin 52.5micrograms/hour transdermal patches,0407020B0BGABAF,14105.0,7108920.0
Mezolar Matrix 75micrograms/hour transdermal patches,0407020A0BFADAG,97211.0,52493940.0
Palexia 50mg tablets,0407020AGBBAAAA,57556.0,1151120.0
Zydol SR 50mg tablets,040702040BBAKAY,403558.0,2017790.0
Relevtec 35micrograms/hour transdermal patches,0407020B0BPAAAE,16891.0,5675376.0
Myloxifin 10mg/5mg modified-release tablets,0407020AFBCAAAA,112.0,2240.0
Fentanyl 50micrograms/dose nasal spray,0407020A0AABHBH,16.0,128.0
Marol 100mg modified-release tablets (Teva),040702040BNAFAC,13348891.0,133488910.0
Longtec 20mg modified-release tablets,0407020ADBEACAG,5732805.0,229312200.0
Bupeaze 70micrograms/hour transdermal patches,0407020B0BIACAG,40654.0,27319488.0
Abstral 800microgram sublingual tablets,0407020A0BJAFBB,23186.0,2411344.0
Reltebon 60mg modified-release tablets,0407020ADBKAHAQ,58440.0,7012800.0
Opiodur 25micrograms/hour transdermal patches (RX Farma),0407020A0BRAGAE,490.0,88200.0
Morphine sulfate 10mg suppositories,0407020Q0AACQCQ,1676.0,16760.0
Methadone 20mg/2ml solution for injection ampoules,0407020M0AAA3A3,111.0,6660.0
Diamorphine 10mg powder for solution for injection vials,0407020K0AAEGEG,102.0,3060.0
Tramulief SR 200mg tablets,040702040BKACAE,1541342.0,30826840.0
Oramorph 10mg/5ml oral solution,0407020Q0BCAGCN,227016959.0,454033918.0
Tapentadol 100mg modified-release tablets,0407020AGAAADAD,2173164.0,86926560.0
Yemex 50micrograms/hour transdermal patches,0407020A0BVACAF,3372.0,1213920.0
Hydromorphone 16mg modified-release capsules,040702050AAAAAA,15592.0,1247360.0
Maneo 200mg modified-release tablets,040702040BUACAE,3608.0,72160.0
Fentanyl 400micrograms/dose nasal spray,0407020A0AABPBP,8374.0,535936.0
Shortec liquid 5mg/5ml oral solution,0407020ADBJAGAA,8852819.0,17705638.0
Opiodur 12micrograms/hour transdermal patches (Pfizer),0407020A0BRAAAU,10.0,864.0
MXL 60mg capsules,0407020Q0BIABEH,51344.0,3080640.0
Oxycodone 15mg modified-release tablets,0407020ADAAASAS,440221.0,13206630.0
Oxypro 30mg modified-release tablets,0407020ADBSAEAR,421555.0,25293300.0
Zamadol SR 100mg capsules,040702040BDACAH,193488.0,1934880.0
Solpadeine Max 12.8mg/500mg tablets,0407010F0BPAAAP,52791.0,67572.48000000001
Pentazocine 25mg tablets,0407020T0AAABAB,91475.0,846143.75
Maneo 100mg modified-release tablets,040702040BUAAAC,14746.0,147460.0
Abstral 300microgram sublingual tablets,0407020A0BJACAY,24443.0,953277.0
Morphine sulfate 60mg/2ml solution for injection ampoules,0407020Q0AAAMAM,11214.0,1345680.0
Tephine 400microgram sublingual tablets,0407020B0BFABAD,3876.0,93024.0
Hydromorphone 2.6mg capsules,040702050AAADAD,93414.0,1214382.0
Zydol XL 200mg tablets,040702040BBAHAE,25344.0,506880.0
Fentalis Reservoir 50micrograms/hour transdermal patches,0407020A0BGABAF,100.0,36000.0
Oxeltra 5mg modified-release tablets,0407020ADBLAAAK,679312.0,6793120.0
Tramadol 37.5mg / Paracetamol 325mg tablets,040702040AAAUAU,4198440.0,15744150.0
BuTrans 20micrograms/hour transdermal patches,0407020B0BEACAJ,124949.0,41982864.0
Tapentadol 75mg tablets,0407020AGAAABAB,148503.0,4455090.0
Actiq 600microgram loz with integral oromucosal applicator,0407020A0BCACAK,9097.0,545820.0
Renocontin 15mg modified-release tablets,0407020ADBRACAS,35630.0,1068900.0
Abstral 400microgram sublingual tablets,0407020A0BJADAZ,33360.0,1734720.0
Reltebon 80mg modified-release tablets,0407020ADBKAEAI,53675.0,8588000.0
Diamorphine 500mg powder for solution for injection ampoules,0407020K0AAAGAG,1473.0,2209500.0
OxyNorm 50mg/1ml solution for injection ampoules,0407020ADBBAHAN,1907.0,190700.0
Opiodur 25micrograms/hour transdermal patches (Zentiva),0407020A0BRALAE,901.0,162180.0
Oxycodone 5mg/5ml oral solution sugar free,0407020ADAAAAAA,78241806.0,156483612.0
Oxypro 40mg modified-release tablets,0407020ADBSAFAH,469828.0,37586240.0
Transtec 70micrograms/hour transdermal patches,0407020B0BDACAG,92685.0,62284320.0
Tephine 200microgram sublingual tablets,0407020B0BFAAAB,24145.0,289740.0
OxyNorm 10mg/1ml solution for injection ampoules,0407020ADBBAFAL,8755.0,175100.0
Fentanyl 600microgram sublingual tablets sugar free,0407020A0AABABA,6815.0,531570.0
Ixyldone 30mg modified-release tablets,0407020ADBTAEAR,1442.0,86520.0
Tramadol 50mg/5ml oral suspension,040702040AAAZAZ,10000.0,10000.0
Cynril 600microgram loz with integral oromucosal applicator,0407020A0BWACAK,807.0,48420.0
Diamorphine 100mg/5ml oral solution,0407020K0AADXDX,1245.0,24900.0
Marol 200mg modified-release tablets (Teva),040702040BNADAE,5031281.0,100625620.0
Morphine sulfate 10mg/1ml solution for injection ampoules,0407020Q0AAABAB,2031948.0,40638960.0
Longtec 5mg modified-release tablets,0407020ADBEAAAK,4164048.0,41640480.0
Fentanyl 100micrograms/hour transdermal patches,0407020A0AAAHAH,100495.0,72356400.0
Oxeltra 40mg modified-release tablets,0407020ADBLAEAH,394843.0,31587440.0
MXL 200mg capsules,0407020Q0BIAFEI,41117.0,8223400.0
Turgeon 70micrograms/hour transdermal patches,0407020B0BSACAG,108.0,72576.0
Dihydrocodeine 10mg/5ml oral suspension,0407020G0AAAPAP,1400.0,280.0
Morphgesic SR 30mg tablets,0407020Q0BNABAL,1014779.0,30443370.0
BuTrans 15micrograms/hour transdermal patches,0407020B0BEADAK,50003.0,12600756.0
Fencino 50micrograms/hour transdermal patches,0407020A0BQACAF,272371.0,98053560.0
Morphine sulfate 20mg/ml oral solution sugar free,0407020Q0AAA6A6,894178.0,17883560.0
Fentanyl 600microgram lozenges,0407020A0AAAKAK,46934.0,2816040.0
Dipipanone 10mg / Cyclizine 30mg tablets,0407020H0AAABAB,138525.0,692625.0
Pethidine 50mg/1ml solution for injection ampoules,0407020V0AAAAAA,23201.0,278412.0
Oxycodone 5mg/5ml oral solution,0407020ADAAAJAJ,66088.0,132176.0
Mabron 200mg modified-release tablets (Morningside),040702040BHACAE,14126.0,282520.0
Morphine sulfate 15mg/1ml solution for injection ampoules,0407020Q0AAACAC,8499.0,254970.0
PecFent 400micrograms/dose nasal spray,0407020A0BPABBP,6663.0,426432.0
Abstral 600microgram sublingual tablets,0407020A0BJAEBA,15646.0,1220388.0
Maxitram SR 100mg capsules,040702040BPABAH,552064.0,5520640.0
Tapentadol 20mg/ml oral solution sugar free,0407020AGAAAHAH,254974.0,2039792.0
Fentanyl 200microgram sublingual tablets sugar free,0407020A0AAAXAX,29778.0,774228.0
Co-dydramol 10mg/500mg/5ml oral solution,0407010N0AAACAC,1652.0,330.4
Hydromorphone 24mg modified-release capsules,040702050AAABAB,11415.0,1369800.0
Methadone 50mg/5ml solution for injection ampoules,0407020M0AAANAN,176.0,26400.0
Codeine 30mg suppositories,0407020C0AAASAS,1.0,3.0
Oxyargin 10mg/5mg modified-release tablets,0407020AFBDABAA,253.0,5060.0
Matrifen 50micrograms/hour transdermal patches,0407020A0BEACAF,610299.0,219707640.0
Tramadol 200mg modified-release capsules,040702040AAAJAJ,2019475.0,40389500.0
Morphine 20mg tablets,0407020Q0AACECE,1017452.0,20349040.0
Reletrans 15micrograms/hour transdermal patches,0407020B0BKACAK,59345.0,14954940.0
Mezolar Matrix 25micrograms/hour transdermal patches,0407020A0BFABAE,336765.0,60617700.0
Solpadeine Plus tablets,0407010X0BMAAAJ,11910.0,9528.0
Victanyl 75micrograms/hour transdermal patches,0407020A0BMACAG,1639.0,885060.0
Actiq 800microgram loz with integral oromucosal applicator,0407020A0BCADAL,14510.0,1160800.0
Zeridame SR 200mg tablets,040702040BLACAE,88.0,1760.0
Oldaram 100mg modified-release tablets,040702040BQAAAC,56.0,560.0
Reletrans 5micrograms/hour transdermal patches,0407020B0BKAAAH,166651.0,13998684.0
Oxycodone 120mg modified-release tablets,0407020ADAAAPAP,43545.0,10450800.0
Morphine sulfate 1mg/1ml solution for injection ampoules,0407020Q0AAA4A4,1503.0,3006.0
Tramadol 100mg/2ml solution for injection ampoules,040702040AAABAB,15128.0,151280.0
Fentalis Reservoir 100micrograms/hour transdermal patches,0407020A0BGADAH,50.0,36000.0
Morphine 15mg modified-release tablets,0407020Q0AACFCF,2057364.0,30860460.0
Oxycodone 5mg / Naloxone 2.5mg modified-release tablets,0407020AFAAACAC,233637.0,2336370.0
Hapoctasin 70micrograms/hour transdermal patches,0407020B0BGACAG,8548.0,5744256.0
Methadone 5mg tablets,0407020M0AAAEAE,2362863.0,35442945.0
Longtec 120mg modified-release tablets,0407020ADBEAFAP,274145.0,65794800.0
OxyNorm 20mg capsules,0407020ADBBAEAE,317454.0,12698160.0
Hydromorphone 8mg modified-release capsules,040702050AAACAC,47285.0,1891400.0
Zydol XL 150mg tablets,040702040BBAGAD,14345.0,215175.0
Palladone 2.6mg capsules,040702050BBABAD,15372.0,199836.0
Ixyldone 5mg modified-release tablets,0407020ADBTAAAK,763.0,7630.0
Morphine sulfate 10mg/1ml inj pre-filled syringes,0407020Q0AAFCFC,17.0,340.0
Carexil 40mg modified-release tablets,0407020ADBDADAH,56.0,4480.0
Longtec 15mg modified-release tablets,0407020ADBEAGAS,1392664.0,41779920.0
Co-dydramol 20mg/500mg tablets,0407010N0AAAHAH,4028431.0,8056862.0
Oxycodone 20mg / Naloxone 10mg modified-release tablets,0407020AFAAABAB,365531.0,14621240.0
Oxycodone 10mg / Naloxone 5mg modified-release tablets,0407020AFAAAAAA,463850.0,9277000.0
Morphine sulfate 20mg/1ml solution for injection ampoules,0407020Q0AAAFAF,59064.0,2362560.0
OxyContin 120mg modified-release tablets,0407020ADBCAFAP,14457.0,3469680.0
Tradorec XL 300mg tablets,040702040BIACAM,4515.0,135450.0
Ixyldone 15mg modified-release tablets,0407020ADBTACAS,1540.0,46200.0
Dihydrocodeine 50mg/1ml solution for injection ampoules,0407020G0AAABAB,60.0,300.0
Codeine 60mg/1ml solution for injection ampoules,0407020C0AAAAAA,5.0,30.0
Morphine 10mg tablets,0407020Q0AACDCD,3529282.0,35292820.0
Shortec 10mg capsules,0407020ADBJABAD,5734283.0,114685660.0
Morphine 60mg modified-release granules sachets sugar free,0407020Q0AADCDC,29314.0,1758840.0
Yemex 75micrograms/hour transdermal patches,0407020A0BVADAG,1243.0,671220.0
Co-codamol 12.8mg/500mg tablets,0407010F0AAAPAP,280451.0,358977.27999999997
Codeine 60mg tablets,0407020C0AAAFAF,2339125.0,14034750.0
Reltebon 15mg modified-release tablets,0407020ADBKAFAS,62757.0,1882710.0
Carlosafine 35micrograms/hour transdermal patches,0407020B0BTAAAE,965.0,324240.0
Lynlor 20mg capsules,0407020ADBHACAE,325370.0,13014800.0
Opiodur 100micrograms/hour transdermal patches (Zentiva),0407020A0BRAPAH,370.0,266400.0
Co-codaprin 8mg/400mg tablets,0407010M0AAAAAA,182.0,145.6
MST Continus 200mg tablets,0407020Q0BBAEAG,68985.0,13797000.0
Reletrans 20micrograms/hour transdermal patches,0407020B0BKADAJ,94990.0,31916640.0
Durogesic DTrans 12micrograms/hour transdermal patches,0407020A0BBAMAU,182222.0,15743980.799999997
Reltebon 10mg modified-release tablets,0407020ADBKABAF,337639.0,6752780.0
Oxylan 10mg modified-release tablets (Chanelle Medical),0407020ADBFABAF,23802.0,476040.0
Victanyl 100micrograms/hour transdermal patches,0407020A0BMADAH,2488.0,1791360.0
Morphine sulfate 500micrograms/5ml oral solution,0407020Q0AAFDFD,8258.0,825.8
Transtec 52.5micrograms/hour transdermal patches,0407020B0BDABAF,114927.0,57923208.0
Solpadol 30mg/500mg capsules,0407010F0BGACAD,1834349.0,5503047.0
Marol 150mg modified-release tablets (Teva),040702040BNAEAD,2340010.0,35100150.0
Physeptone 5mg tablets,0407020M0BBAAAE,817705.0,12265575.0
Methadone 10mg/1ml solution for injection ampoules,0407020M0AAAVAV,29237.0,877110.0
Fentanyl 1.2mg lozenges,0407020A0AAANAN,2287.0,274440.0
Trapadex 37.5mg/325mg tablets,040702040BYAAAU,60.0,225.0
Co-codamol 30mg/500mg capsules,0407010F0AAADAD,179564035.0,538692105.0
Renocontin 10mg modified-release tablets,0407020ADBRABAF,175066.0,3501320.0
Eroset 500mg/10mg tablets,0407010N0BIAAAA,141526.0,141526.0
Tapentadol 250mg modified-release tablets,0407020AGAAAGAG,312186.0,31218600.0
Transtec 35micrograms/hour transdermal patches,0407020B0BDAAAE,160450.0,53911200.0
Codipar 15mg/500mg capsules,0407010F0BVABAV,356129.0,534193.5
Sevredol 50mg tablets,0407020Q0BHAFDR,304093.0,15204650.0
Zamadol 50mg capsules,040702040BDAAAA,40474.0,202370.0
MST Continus suspension 100mg granules sachets,0407020Q0BBAIDD,9824.0,982400.0
Opiodur 50micrograms/hour transdermal patches (Pfizer),0407020A0BRAEAF,10.0,3600.0
Opiodur 75micrograms/hour transdermal patches (RX Farma),0407020A0BRAIAG,229.0,123660.0
Methadone 30mg capsules,0407020M0AABIBI,448.0,40320.0
Oxycodone 40mg modified-release tablets,0407020ADAAAHAH,602446.0,48195680.0
Pethidine 50mg tablets,0407020V0AAACAC,663223.0,3316115.0
Shortec 20mg capsules,0407020ADBJACAE,2808482.0,112339280.0
Tramadol 37.5mg / Paracetamol 325mg efferv tab sugar free,040702040AABABA,73158.0,274342.5
Pethidine 100mg/2ml solution for injection ampoules,0407020V0AAAEAE,20087.0,482088.0
Co-codamol 8mg/500mg capsules,0407010F0AAABAB,11616021.0,9292816.80000001
Co-codamol 15mg/500mg effervescent tablets sugar free,0407010F0AAAWAW,401823.0,602734.5
Morphgesic SR 100mg tablets,0407020Q0BNADAH,84964.0,8496400.0
Matrifen 75micrograms/hour transdermal patches,0407020A0BEADAG,259189.0,139962060.0
Targinact 20mg/10mg modified-release tablets,0407020AFBBABAB,253109.0,10124360.0
Fentanyl 100microgram sublingual tablets sugar free,0407020A0AAAWAW,69219.0,899847.0
Oxycodone 40mg / Naloxone 20mg modified-release tablets,0407020AFAAADAD,133454.0,10676320.0
Hydromorphone 1.3mg capsules,040702050AAAEAE,153614.0,998491.0
Ixyldone 10mg modified-release tablets,0407020ADBTABAF,7162.0,143240.0
Tramacet 37.5mg/325mg effervescent tablets,040702040BFABBA,41272.0,154770.0
Opiodur 25micrograms/hour transdermal patches (Pfizer),0407020A0BRABAE,35.0,6300.0
Actiq 1.2mg lozenges with integral oromucosal applicator,0407020A0BCAEAN,1724.0,206880.0
Morphine hydrochloride 10mg suppositories,0407020P0AAAQAQ,112.0,1120.0
Palladone 10mg/1ml solution for injection ampoules,040702050BBAJAN,21.0,1050.0
Fentanyl 37.5microgram/hour transdermal patches,0407020A0AABWBW,159156.0,42972120.0
Bupeaze 52.5micrograms/hour transdermal patches,0407020B0BIABAF,36921.0,18608184.0
Palladone SR 24mg capsules,040702050BBAGAB,2898.0,347760.0
Durogesic 25micrograms transdermal patches,0407020A0BBAAAE,92.0,16560.0
Shortec 5mg capsules,0407020ADBJAAAC,8067777.0,80677770.0
MST Continus 30mg tablets,0407020Q0BBABAL,3586761.0,107602830.0
Sevredol 20mg tablets,0407020Q0BHADCE,1259945.0,25198900.0
Zydol XL 300mg tablets,040702040BBAIAM,10905.0,327150.0
Morphine 100mg modified-release granules sachets sugar free,0407020Q0AADDDD,12652.0,1265200.0
Brimisol PR 200mg tablets,040702040BWABAE,801.0,16020.0
Morphine sulfate 1mg/5ml oral solution,0407020Q0AAFHFH,1200.0,240.0
Morphine 5mg modified-release tablets,0407020Q0AACGCG,4254054.0,21270270.0
Tramadol 50mg modified-release capsules,040702040AAAGAG,4462084.0,22310420.0
Panitaz 20micrograms/hour transdermal patches,0407020B0BLACAJ,6833.0,2295888.0
Buprenorphine 70micrograms/hour transdermal patches,0407020B0AAAGAG,72632.0,48808704.0
Migraleve Yellow tablets,0407010F0BXAAAA,272246.0,217796.79999999978
Tapentadol 200mg modified-release tablets,0407020AGAAAFAF,722436.0,57794880.0
Buprenorphine 52.5micrograms/hour transdermal patches,0407020B0AAAFAF,108374.0,54620496.0
Lynlor 10mg capsules,0407020ADBHABAD,599399.0,11987980.0
MST Continus suspension 200mg granules sachets,0407020Q0BBAJDE,2298.0,459600.0
Meptazinol 200mg tablets,0407020L0AAABAB,5231688.0,31390128.0
Oxeltra 60mg modified-release tablets,0407020ADBLADAQ,159440.0,19132800.0
Oxycodone 60mg modified-release tablets,0407020ADAAAQAQ,167534.0,20104080.0
Mezolar Matrix 50micrograms/hour transdermal patches,0407020A0BFACAF,212401.0,76464360.0
Oxypro 60mg modified-release tablets,0407020ADBSAGAQ,175410.0,21049200.0
OxyNorm 10mg/ml concentrate oral solution,0407020ADBBABAB,855956.0,17119120.0
Reltebon 20mg modified-release tablets,0407020ADBKACAG,288712.0,11548480.0
Oxylan 80mg modified-release tablets (Chanelle Medical),0407020ADBFAEAI,518.0,82880.0
Morphine hydrochloride 1mg/1ml inj ampoules,0407020P0AABBBB,15.0,30.0
Morphine sulfate 10mg/2ml solution for injection ampoules,0407020Q0AABCBC,70.0,1400.0
Co-codamol 8mg/500mg tablets,0407010F0AAAAAA,194908370.0,155926696.00000054
Co-dydramol 30mg/500mg tablets,0407010N0AAAIAI,6352190.0,19056570.0
Co-proxamol 32.5mg/325mg tablets,0407010Q0AAAAAA,1441350.0,4684387.5
Tapentadol 150mg modified-release tablets,0407020AGAAAEAE,705937.0,42356220.0
Zomorph 200mg modified-release capsules,0407020Q0BKAEEI,220883.0,44176600.0
Morphine 50mg tablets,0407020Q0AADRDR,152680.0,7634000.0
Oramorph 20mg/ml concentrated oral solution,0407020Q0BCABA6,764860.0,15297200.0
MST Continus suspension 30mg granules sachets,0407020Q0BBAGCP,74368.0,2231040.0
Abtard 30mg modified-release tablets,0407020ADBMAFAR,59544.0,3572640.0
Methadone 5mg capsules,0407020M0AABUBU,19458.0,291870.0
Hydromorphone 2mg/1ml solution for injection ampoules,040702050AAALAL,804.0,8040.0
Zomorph 60mg modified-release capsules,0407020Q0BKACEH,6931787.0,415907220.0
Oxycodone 5mg capsules,0407020ADAAACAC,2510691.0,25106910.0
Reltebon 5mg modified-release tablets,0407020ADBKAAAK,195906.0,1959060.0
Fentanyl 100microgram buccal tablets sugar free,0407020A0AABCBC,80533.0,1046929.0
Oxylan 40mg modified-release tablets (Chanelle Medical),0407020ADBFADAH,3278.0,262240.0
Morphine sulfate 5mg/5ml oral solution,0407020Q0AADNDN,400.0,400.0
Tapentadol 50mg tablets,0407020AGAAAAAA,2507494.0,50149880.0
Diamorphine 30mg powder for solution for injection ampoules,0407020K0AAAEAE,104902.0,9441180.0
Opiodur 12micrograms/hour transdermal patches (RX Farma),0407020A0BRAFAU,882.0,76204.8
Instanyl 100micrograms/dose nasal spray,0407020A0BNAHBJ,18.0,288.0
Zomorph 30mg modified-release capsules,0407020Q0BKABEG,24417549.0,732526470.0
Morphine 20mg modified-release granules sachets sugar free,0407020Q0AACVCV,160686.0,3213720.0
Morphine 120mg modified-release capsules,0407020Q0AADVDV,22844.0,2741280.0
Oxeltra 20mg modified-release tablets,0407020ADBLAHAG,766942.0,30677680.0
Effentora 100microgram buccal tablets,0407020A0BKAABC,47593.0,618709.0
Onexila XL 20mg tablets,0407020ADBQABAG,2473.0,98920.0
Fentanyl 400microgram lozenges,0407020A0AAAJAJ,81667.0,3266680.0
Shortec 50mg/1ml solution for injection ampoules,0407020ADBJAFAN,927.0,92700.0
Zydol 100mg/2ml solution for injection ampoules,040702040BBABAB,1977.0,19770.0
Opiodur 100micrograms/hour transdermal patches (RX Farma),0407020A0BRAJAH,93.0,66960.0
Zeridame SR 100mg tablets,040702040BLAAAC,60.0,600.0
Zytram SR 75mg tablets,040702040BVABAP,46.0,345.0
Durogesic 50micrograms transdermal patches,0407020A0BBABAF,15.0,5400.0
Remedeine Forte tablets,0407010N0BGABAI,3065426.0,9196278.0
Matrifen 12micrograms/hour transdermal patches,0407020A0BEAAAU,1044160.0,90215424.0
MST Continus 5mg tablets,0407020Q0BBAKCG,4001037.0,20005185.0
Maxitram SR 200mg capsules,040702040BPADAJ,207505.0,4150100.0
Codipar 15mg/500mg tablets,0407010F0BVAAAK,508566.0,762849.0
Abtard 15mg modified-release tablets,0407020ADBMACAS,23246.0,697380.0
Yemex 12micrograms/hour transdermal patches,0407020A0BVAAAU,4016.0,346982.4
Tramquel SR 100mg capsules,040702040BJABAH,28454.0,284540.0
Methadone 50mg/1ml solution for injection ampoules,0407020M0AAACAC,16787.0,2518050.0
Pethidine 50mg capsules,0407020V0AABFBF,9653.0,48265.0
Butec 20micrograms/hour transdermal patches,0407020B0BHACAJ,1163553.0,390953808.0
Dihydrocodeine 60mg modified-release tablets,0407020G0AAADAD,6869139.0,41214834.0
Zydol SR 150mg tablets,040702040BBADAD,66340.0,995100.0
Victanyl 50micrograms/hour transdermal patches,0407020A0BMABAF,3345.0,1204200.0
Syndol Headache Relief tablets,0407010X0BEACAJ,11140.0,8911.999999999998
Opiodur 75micrograms/hour transdermal patches (Pfizer),0407020A0BRACAG,78.0,42120.0
Morphine sulfate 10mg/5ml oral solution,0407020Q0AACNCN,400965161.0,801930322.0
Fencino 25micrograms/hour transdermal patches,0407020A0BQABAE,515754.0,92835720.0
Buprenorphine 35micrograms/hour transdermal patches,0407020B0AAAEAE,195644.0,65736384.0
Lynlor 5mg capsules,0407020ADBHAAAC,805574.0,8055740.0
Methadone 100mg capsules,0407020M0AABMBM,3640.0,1092000.0
Bupramyl 20micrograms/hour transdermal patches,0407020B0BQACAJ,178.0,59808.0
Tramadol 50mg soluble tablets sugar free,040702040AAAFAF,1256300.0,6281500.0
Morphine 150mg modified-release capsules,0407020Q0AADWDW,16218.0,2432700.0
Maxitram SR 150mg capsules,040702040BPACAI,96656.0,1449840.0
Mabron 200mg modified-release tablets (Teva),040702040BHAFAE,10740.0,214800.0
Carlosafine 52.5micrograms/hour transdermal patches,0407020B0BTABAF,285.0,143640.0
Actiq 1.6mg lozenges with integral oromucosal applicator,0407020A0BCAFAP,5108.0,817280.0
Maneo 150mg modified-release tablets,040702040BUABAD,1096.0,16440.0
Morphine 200mg modified-release granules sachets sugar free,0407020Q0AADEDE,150.0,30000.0
Fentanyl 50micrograms/hour transdermal patches,0407020A0AAAFAF,212206.0,76394160.0
Matrifen 100micrograms/hour transdermal patches,0407020A0BEAEAH,313791.0,225929520.0
Nurofen Plus tablets,1001010J0B4AKAY,56920.0,72857.6
Abtard 5mg modified-release tablets,0407020ADBMAAAK,54968.0,549680.0
Fentanyl 100micrograms/dose nasal spray,0407020A0AABJBJ,2943.0,47088.0
Meptid 100mg/1ml solution for injection ampoules,0407020L0BBABAA,13.0,39.0
Myloxifin 40mg/20mg modified-release tablets,0407020AFBCACAD,112.0,8960.0
BuTrans 10micrograms/hour transdermal patches,0407020B0BEABAI,156257.0,26251176.0
Oxycodone 10mg capsules,0407020ADAAADAD,1634276.0,32685520.0
Panitaz 5micrograms/hour transdermal patches,0407020B0BLAAAH,4312.0,362208.0
Renocontin 30mg modified-release tablets,0407020ADBRAEAR,37873.0,2272380.0
Tramquel SR 200mg capsules,040702040BJADAJ,13443.0,268860.0
Fentanyl 800microgram lozenges,0407020A0AAALAL,31415.0,2513200.0
Buprenorphine 300micrograms/1ml inj ampoules,0407020B0AAAAAA,5.0,150.0
Morphine 10mg modified-release capsules,0407020Q0AAEFEF,9836394.0,98363940.0
Durogesic DTrans 25micrograms/hour transdermal patches,0407020A0BBAIAE,238083.0,42854940.0
Morphine 100mg modified-release capsules,0407020Q0AAEBEB,192532.0,19253200.0
DHC Continus 60mg tablets,0407020G0BBAAAD,768003.0,4608018.0
DHC Continus 90mg tablets,0407020G0BBABAE,177187.0,1594683.0
Zydol 50mg capsules,040702040BBAAAA,466113.0,2330565.0
Reltebon 40mg modified-release tablets,0407020ADBKADAH,167810.0,13424800.0
Mabron 150mg modified-release tablets (Morningside),040702040BHABAD,7658.0,114870.0
Morphine 0.1% in Intrasite gel,0407020Q0AAFXFX,280.0,
Shortec liquid 1mg/ml oral solution,0407020ADBJAGAA,9405795.0,18811590.0
Morphine sulfate 5mg/5ml solution for injection ampoules,0407020Q0AAFZFZ,5742.0,57420.0
Hydromorphone 2mg modified-release capsules,040702050AAAFAF,46237.0,462370.0
Bupramyl 5micrograms/hour transdermal patches,0407020B0BQAAAH,683.0,57372.0
Zomorph 100mg modified-release capsules,0407020Q0BKADEB,1721828.0,172182800.0
Zamadol Melt 50mg tablets,040702040BDAGAT,80661.0,403305.0
MXL 30mg capsules,0407020Q0BIAAEG,55854.0,1675620.0
Carexil 20mg modified-release tablets,0407020ADBDACAG,140.0,5600.0
Abtard 10mg modified-release tablets,0407020ADBMABAF,137022.0,2740440.0
Victanyl 12micrograms/hour transdermal patches,0407020A0BMAEAU,1509.0,130377.59999999999
Mabron 150mg modified-release tablets (Teva),040702040BHAEAD,10912.0,163680.0
Actiq 200microgram loz with integral oromucosal applicator,0407020A0BCAAAI,39819.0,796380.0
Palladone SR 8mg capsules,040702050BBAEAC,8752.0,350080.0
Carexil 80mg modified-release tablets,0407020ADBDAEAI,56.0,8960.0
Mezolar Matrix 100micrograms/hour transdermal patches,0407020A0BFAEAH,106502.0,76681440.0
Zamadol 24hr 300mg modified-release tablets,040702040BDAJAM,11798.0,353940.0
Bupeaze 35micrograms/hour transdermal patches,0407020B0BIAAAE,53800.0,18076800.0
Pentazocine 50mg capsules,0407020T0AAAAAA,68518.0,1267583.0
Fentanyl 1.6mg lozenges,0407020A0AAAPAP,10169.0,1627040.0
Invodol SR 150mg tablets,040702040BTABAD,16702.0,250530.0
Zapain 30mg/500mg tablets,0407010F0BSAAAH,414319916.0,1242959748.0
Co-codamol 30mg/500mg effervescent tablets,0407010F0AAAFAF,68876030.0,206628090.0
Buprenorphine 400microgram sublingual tablets sugar free,0407020B0AAADAD,2851395.0,68433480.0
Fencino 12micrograms/hour transdermal patches,0407020A0BQAAAU,443141.0,38287382.400000006
Targinact 10mg/5mg modified-release tablets,0407020AFBBAAAA,308024.0,6160480.0
Renocontin 40mg modified-release tablets,0407020ADBRAFAH,70027.0,5602160.0
OxyContin 15mg modified-release tablets,0407020ADBCAIAS,70889.0,2126670.0
Palladone 1.3mg capsules,040702050BBAAAE,26054.0,169351.0
Palladone SR 2mg capsules,040702050BBACAF,7754.0,77540.0
