bnf_code,bnf_name,new_quantity,ome_dose
0407020B0BUABAI,Bunov 10micrograms/hour transdermal patches,151641.0,25475688.0
0407010F0AAABAB,Co-codamol 8mg/500mg capsules,11616021.0,9292816.800000008
0407020B0BEACAJ,BuTrans 20micrograms/hour transdermal patches,124949.0,41982864.0
0407020Q0BIACDU,MXL 90mg capsules,41132.0,3701880.0
0407020B0BLACAJ,Panitaz 20micrograms/hour transdermal patches,6833.0,2295888.0
0407020A0BCACAK,Actiq 600microgram loz with integral oromucosal applicator,9097.0,709566.0
0407020ADAAAIAI,Oxycodone 80mg modified-release tablets,179357.0,28697120.0
040702040BTAAAC,Invodol SR 100mg tablets,110773.0,1107730.0
0407020ADBKAAAK,Reltebon 5mg modified-release tablets,195906.0,1959060.0
0407020M0AABUBU,Methadone 5mg capsules,19458.0,291870.0
1501043A0BBABAC,Rapifen 5mg/10ml solution for injection ampoules,95.0,14250.0
0407020P0AAAQAQ,Morphine hydrochloride 10mg suppositories,112.0,1120.0
040702040BYAAAU,Trapadex 37.5mg/325mg tablets,60.0,225.0
0407020K0AAAEAE,Diamorphine 30mg powder for solution for injection ampoules,104902.0,9441180.0
0407020ADAAAJAJ,Oxycodone 5mg/5ml oral solution,66088.0,132176.0
1501043A0AAABAB,Alfentanil 1mg/2ml solution for injection ampoules,49277.0,1478310.0
0407020B0AAADAD,Buprenorphine 400microgram sublingual tablets sugar free,2851395.0,68433480.0
0407010F0AAACAC,Co-codamol 8mg/500mg effervescent tablets,23825229.0,19060183.200000025
0407020ADBRABAF,Renocontin 10mg modified-release tablets,175066.0,3501320.0
0407020B0BIABAF,Bupeaze 52.5micrograms/hour transdermal patches,36921.0,18608184.0
0407020ADBLADAQ,Oxeltra 60mg modified-release tablets,159440.0,19132800.0
0407020Q0BIAFEI,MXL 200mg capsules,41117.0,8223400.0
0407020L0BBAAAB,Meptid 200mg tablets,149357.0,896142.0
0407020B0BBADAD,Temgesic 400microgram sublingual tablets,304357.0,7304568.0
0407020A0BMAAAE,Victanyl 25micrograms/hour transdermal patches,4581.0,824580.0
0407020ADBFAAAK,Oxylan 5mg modified-release tablets (Chanelle Medical),17687.0,176870.0
0407020B0BTACAG,Carlosafine 70micrograms/hour transdermal patches,481.0,323232.0
040702050BBAGAB,Palladone SR 24mg capsules,2898.0,347760.0
0407010W0AAADAD,Aspirin 500mg / Codeine 8mg dispersible tablets sugar free,1944.0,1555.1999999999998
0407020AFBDAAAC,Oxyargin 5mg/2.5mg modified-release tablets,42.0,420.0
0407020B0BHACAJ,Butec 20micrograms/hour transdermal patches,1163553.0,390953808.0
0407020ADBJABAD,Shortec 10mg capsules,5734283.0,114685660.0
0407020A0AABCBC,Fentanyl 100microgram buccal tablets sugar free,80533.0,1046929.0
0407020B0BQACAJ,Bupramyl 20micrograms/hour transdermal patches,178.0,59808.0
0407020A0AABFBF,Fentanyl 600microgram buccal tablets sugar free,5812.0,453336.0
0407020A0AAAPAP,Fentanyl 1.6mg lozenges,10169.0,2115152.0
0407010F0AAAAAA,Co-codamol 8mg/500mg tablets,194908370.0,155926696.00000045
0407010N0AAAIAI,Co-dydramol 30mg/500mg tablets,6352190.0,19056570.0
040702040AAAEAE,Tramadol 200mg modified-release tablets,776040.0,15520800.0
0407020Q0AACECE,Morphine 20mg tablets,1017452.0,20349040.0
0407010Q0AAAAAA,Co-proxamol 32.5mg/325mg tablets,1441350.0,4684387.5
0407020B0BEADAK,BuTrans 15micrograms/hour transdermal patches,50003.0,12600756.0
0309010C0BBAAAD,Galcodine 15mg/5ml linctus,179360.0,53808.0
0407020ADBDACAG,Carexil 20mg modified-release tablets,140.0,5600.0
0407020A0BGABAF,Fentalis Reservoir 50micrograms/hour transdermal patches,100.0,36000.0
0407020ADBEAGAS,Longtec 15mg modified-release tablets,1392664.0,41779920.0
040702040AAAFAF,Tramadol 50mg soluble tablets sugar free,1256300.0,6281500.0
040702040BPABAH,Maxitram SR 100mg capsules,552064.0,5520640.0
040702040BDADAI,Zamadol SR 150mg capsules,38908.0,583620.0
040702040AAANAN,Tramadol 400mg modified-release tablets,61437.0,2457480.0
040702040AAAPAP,Tramadol 75mg modified-release tablets,4425.0,33187.5
0407020G0AAADAD,Dihydrocodeine 60mg modified-release tablets,6869139.0,41214834.0
040702040BDAHAD,Zamadol 24hr 150mg modified-release tablets,21698.0,325470.0
0407020A0BFADAG,Mezolar Matrix 75micrograms/hour transdermal patches,97211.0,52493940.0
0407020B0BDABAF,Transtec 52.5micrograms/hour transdermal patches,114927.0,57923208.0
1501043A0BBADAD,Rapifen Intensive Care 5mg/1ml inj ampoules,54.0,8100.0
0407010N0BGAAAH,Remedeine tablets,1735253.0,3470506.0
0407020ADBKABAF,Reltebon 10mg modified-release tablets,337639.0,6752780.0
0407020Q0BBAGCP,MST Continus suspension 30mg granules sachets,74368.0,2231040.0
0407020ADBMAEAH,Abtard 40mg modified-release tablets,72991.0,5839280.0
0407020AFBBABAB,Targinact 20mg/10mg modified-release tablets,253109.0,10124360.0
0407020B0BPACAG,Relevtec 70micrograms/hour transdermal patches,9156.0,6152832.0
040702040AAAMAM,Tramadol 300mg modified-release tablets,58039.0,1741170.0
0407020T0AAABAB,Pentazocine 25mg tablets,91475.0,846143.75
0407020Q0BBAIDD,MST Continus suspension 100mg granules sachets,9824.0,982400.0
0407010N0AAAJAJ,Co-dydramol 7.46mg/500mg tablets,5504.0,4105.984
0407020B0AAAIAI,Buprenorphine 10micrograms/hour transdermal patches,477976.0,80299968.0
0407020Q0BBAKCG,MST Continus 5mg tablets,4001037.0,20005185.0
0407020G0AAAEAE,Dihydrocodeine 90mg modified-release tablets,1762239.0,15860151.0
0407020ADAAADAD,Oxycodone 10mg capsules,1634276.0,32685520.0
0407020G0AAAIAI,Dihydrocodeine 40mg tablets,341422.0,1365688.0
0407020A0BQADAG,Fencino 75micrograms/hour transdermal patches,122270.0,66025800.0
0407020ADBUACAT,Oxyact 5mg tablets,6020.0,60200.0
1501043A0AAAEAE,Alfentanil 0.1% nasal spray,35.0,1050.0
0407020A0AAAUAU,Fentanyl 12micrograms/hour transdermal patches,416201.0,35959766.39999999
0407020A0BVAAAU,Yemex 12micrograms/hour transdermal patches,4016.0,346982.39999999997
0407020AGBBAFAF,Palexia SR 200mg tablets,30788.0,2463040.0
0407020ADBQAAAF,Onexila XL 10mg tablets,2988.0,59760.0
0407020A0BPABBP,PecFent 400micrograms/dose nasal spray,6663.0,426432.0
0407020M0BBABAV,Physeptone 10mg/1ml solution for injection ampoules,8046.0,241380.0
0407020A0BGADAH,Fentalis Reservoir 100micrograms/hour transdermal patches,50.0,36000.0
040702040AABDBD,Tramadol 75mg / Dexketoprofen 25mg tablets,144.0,1080.0
0407020Q0AAABAB,Morphine sulfate 10mg/1ml solution for injection ampoules,2031948.0,40638960.0
0407010N0AAAAAA,Co-dydramol 10mg/500mg tablets,168579096.0,168579096.0
0407020M0BBAAAE,Physeptone 5mg tablets,817705.0,12265575.0
0407020ADBEAAAK,Longtec 5mg modified-release tablets,4164048.0,41640480.0
0407020B0BDACAG,Transtec 70micrograms/hour transdermal patches,92685.0,62284320.0
0407020ADBBAFAL,OxyNorm 10mg/1ml solution for injection ampoules,8755.0,175100.0
0407020M0AAAVAV,Methadone 10mg/1ml solution for injection ampoules,29237.0,877110.0
0407020ADBCAIAS,OxyContin 15mg modified-release tablets,70889.0,2126670.0
0407020A0BRAGAE,Opiodur 25micrograms/hour transdermal patches (RX Farma),490.0,88200.0
0407020ADBLAFAF,Oxeltra 10mg modified-release tablets,1040556.0,20811120.0
0407020ADBBACAC,OxyNorm 5mg capsules,737188.0,7371880.0
0407020ADBMAAAK,Abtard 5mg modified-release tablets,54968.0,549680.0
0407020Q0BHAFDR,Sevredol 50mg tablets,304093.0,15204650.0
0407020A0BRANAG,Opiodur 75micrograms/hour transdermal patches (Zentiva),225.0,121500.0
040702040BJACAI,Tramquel SR 150mg capsules,8154.0,122310.0
0407020B0BMADAK,Sevodyne 15micrograms/hour transdermal patches,281.0,70812.0
0407010F0AAAVAV,Co-codamol 15mg/500mg capsules,18216845.0,27325267.5
0407020Q0BHACCD,Sevredol 10mg tablets,3702632.0,37026320.0
0407020ADAAAHAH,Oxycodone 40mg modified-release tablets,602446.0,48195680.0
0407020A0AAAFAF,Fentanyl 50micrograms/hour transdermal patches,212206.0,76394160.0
0407020ADBKADAH,Reltebon 40mg modified-release tablets,167810.0,13424800.0
040702040BDAJAM,Zamadol 24hr 300mg modified-release tablets,11798.0,353940.0
0407020Q0AAFHFH,Morphine sulfate 1mg/5ml oral solution,1200.0,240.0
0407020Q0AAFWFW,Morphine sulfate 50mg/5ml solution for injection ampoules,10.0,1000.0
0407020ABAAAPAP,Papaveretum 30mg/1ml solution for injection ampoules,10.0,300.0
0407020A0BQAEAH,Fencino 100micrograms/hour transdermal patches,155942.0,112278240.0
0407020A0BEAEAH,Matrifen 100micrograms/hour transdermal patches,313791.0,225929520.0
0407020ADBBAEAE,OxyNorm 20mg capsules,317454.0,12698160.0
0407020Q0AAAFAF,Morphine sulfate 20mg/1ml solution for injection ampoules,59064.0,2362560.0
0407020A0BMADAH,Victanyl 100micrograms/hour transdermal patches,2488.0,1791360.0
040702050AAALAL,Hydromorphone 2mg/1ml solution for injection ampoules,804.0,8040.0
040702040BHAFAE,Mabron 200mg modified-release tablets (Teva),10740.0,214800.0
0407020AGAAADAD,Tapentadol 100mg modified-release tablets,2173164.0,86926560.0
0407020A0BVACAF,Yemex 50micrograms/hour transdermal patches,3372.0,1213920.0
0407020L0AAAAAA,Meptazinol 100mg/1ml solution for injection ampoules,36.0,108.0
0407020ADBCABAG,OxyContin 20mg modified-release tablets,656000.0,26240000.0
0407020ADAAARAR,Oxycodone 30mg modified-release tablets,553952.0,33237120.0
040702040BPADAJ,Maxitram SR 200mg capsules,207505.0,4150100.0
0407020A0BPAABJ,PecFent 100micrograms/dose nasal spray,6299.0,100784.0
040702040BUAAAC,Maneo 100mg modified-release tablets,14746.0,147460.0
0407020B0BEABAI,BuTrans 10micrograms/hour transdermal patches,156257.0,26251176.0
0407020G0BBABAE,DHC Continus 90mg tablets,177187.0,1594683.0
0407020A0BEADAG,Matrifen 75micrograms/hour transdermal patches,259189.0,139962060.0
0407020ADBJADAL,Shortec 10mg/1ml solution for injection ampoules,5746.0,114920.0
0407020ADBFAEAI,Oxylan 80mg modified-release tablets (Chanelle Medical),518.0,82880.0
0407020ADBJAAAC,Shortec 5mg capsules,8067777.0,80677770.0
040702040AAAUAU,Tramadol 37.5mg / Paracetamol 325mg tablets,4198440.0,15744150.0
0407020AGAAAGAG,Tapentadol 250mg modified-release tablets,312186.0,31218600.0
0407020ADAAAEAE,Oxycodone 20mg capsules,776817.0,31072680.0
0407020ADAAAPAP,Oxycodone 120mg modified-release tablets,43545.0,10450800.0
0407020ADBMACAS,Abtard 15mg modified-release tablets,23246.0,697380.0
0407020Q0AACPCP,Morphine 30mg modified-release granules sachets sugar free,68890.0,2066700.0
0407020Q0AADWDW,Morphine 150mg modified-release capsules,16218.0,2432700.0
0407020B0BNAAAE,Buplast 35micrograms/hour transdermal patches,829.0,278544.0
0407020A0BCADAL,Actiq 800microgram loz with integral oromucosal applicator,14510.0,1509040.0
0407020ADBTAFAH,Ixyldone 40mg modified-release tablets,2084.0,166720.0
0407020G0AAABAB,Dihydrocodeine 50mg/1ml solution for injection ampoules,60.0,300.0
040702040AABCBC,Tramadol 75mg / Paracetamol 650mg tablets,60.0,450.0
0407020P0AABBBB,Morphine hydrochloride 1mg/1ml inj ampoules,15.0,30.0
0407020ADBEAHAR,Longtec 30mg modified-release tablets,2506130.0,150367800.0
0407020B0BKABAI,Reletrans 10micrograms/hour transdermal patches,157041.0,26382888.0
0407020Q0BBACAI,MST Continus 60mg tablets,1702106.0,102126360.0
0407020ADBHAAAC,Lynlor 5mg capsules,805574.0,8055740.0
0407020ADAAAMAM,Oxycodone 20mg/2ml solution for injection ampoules,75305.0,3012200.0
1501043A0AAADAD,Alfentanil 5mg/1ml solution for injection ampoules,13411.0,2011650.0
0407020ADBKAFAS,Reltebon 15mg modified-release tablets,62757.0,1882710.0
0407020K0AADXDX,Diamorphine 100mg/5ml oral solution,1245.0,24900.0
0407020ADAAAFAF,Oxycodone 10mg modified-release tablets,2641304.0,52826080.0
0407020B0AAAFAF,Buprenorphine 52.5micrograms/hour transdermal patches,108374.0,54620496.0
0407020ADBCAHAR,OxyContin 30mg modified-release tablets,154136.0,9248160.0
0407020B0BLAAAH,Panitaz 5micrograms/hour transdermal patches,4312.0,362208.0
0407020B0BFAAAB,Tephine 200microgram sublingual tablets,24145.0,289740.0
0407020ADBLABAI,Oxeltra 80mg modified-release tablets,139629.0,22340640.0
040702040BBAJAN,Zydol XL 400mg tablets,12638.0,505520.0
0407020M0AAANAN,Methadone 50mg/5ml solution for injection ampoules,176.0,26400.0
0407020ADAAAUAU,Oxycodone 10mg tablets,224.0,4480.0
0407020Q0BKACEH,Zomorph 60mg modified-release capsules,6931787.0,415907220.0
0407020ADBKAHAQ,Reltebon 60mg modified-release tablets,58440.0,7012800.0
1501043A0BBAAAB,Rapifen 1mg/2ml solution for injection ampoules,501.0,15030.0
040702040BNADAE,Marol 200mg modified-release tablets (Teva),5031281.0,100625620.0
040702040AAAHAH,Tramadol 100mg modified-release capsules,6337519.0,63375190.0
0407020Q0BBADAH,MST Continus 100mg tablets,503186.0,50318600.0
0407020ADBCAEAK,OxyContin 5mg modified-release tablets,262629.0,2626290.0
040702040AAAIAI,Tramadol 150mg modified-release capsules,922886.0,13843290.0
0407020Q0AAAHAH,Morphine 100mg modified-release tablets,203891.0,20389100.0
040702040BBAAAA,Zydol 50mg capsules,466113.0,2330565.0
0407020Q0BIADDV,MXL 120mg capsules,49001.0,5880120.0
0407020ADBRAEAR,Renocontin 30mg modified-release tablets,37873.0,2272380.0
0407020AGBBAAAA,Palexia 50mg tablets,57556.0,1151120.0
0407020A0AAALAL,Fentanyl 800microgram lozenges,31415.0,3267160.0
0407020B0BBAAAB,Temgesic 200microgram sublingual tablets,644099.0,7729188.0
0407010N0AAAGAG,Co-dydramol 10mg/500mg/5ml oral suspension,39920.0,7984.0
0407020L0AAABAB,Meptazinol 200mg tablets,5231688.0,31390128.0
0407020B0AAABAB,Buprenorphine 200microgram sublingual tablets sugar free,3125827.0,37509924.0
040702040BBAEAE,Zydol SR 200mg tablets,190656.0,3813120.0
040702050AAACAC,Hydromorphone 8mg modified-release capsules,47285.0,1891400.0
0407020ADBBAHAN,OxyNorm 50mg/1ml solution for injection ampoules,1907.0,190700.0
0407020ADBTAGAQ,Ixyldone 60mg modified-release tablets,1232.0,147840.0
0407020Q0AAGBGB,Morphine sulfate 10mg/5ml soln unit dose vials sugar free,88.0,176.0
0407020A0AABGBG,Fentanyl 800microgram buccal tablets sugar free,4500.0,468000.0
0407020ADBTACAS,Ixyldone 15mg modified-release tablets,1540.0,46200.0
0407020ADBDAEAI,Carexil 80mg modified-release tablets,56.0,8960.0
0407020B0BMAAAH,Sevodyne 5micrograms/hour transdermal patches,86786.0,7290024.0
0407020B0BKACAK,Reletrans 15micrograms/hour transdermal patches,59345.0,14954940.0
0407020ADBMAFAR,Abtard 30mg modified-release tablets,59544.0,3572640.0
040702040BHACAE,Mabron 200mg modified-release tablets (Morningside),14126.0,282520.0
0407020A0AAAYAY,Fentanyl 300microgram sublingual tablets sugar free,2718.0,106002.0
0407020Q0AACQCQ,Morphine sulfate 10mg suppositories,1676.0,16760.0
0407020AFBCAAAA,Myloxifin 10mg/5mg modified-release tablets,112.0,2240.0
0407020A0BLAAAE,Osmanil 25micrograms/hour transdermal patches,5.0,900.0
0407020Q0AACFCF,Morphine 15mg modified-release tablets,2057364.0,30860460.0
0407020A0AAAWAW,Fentanyl 100microgram sublingual tablets sugar free,69219.0,899847.0
040702040BBACAC,Zydol SR 100mg tablets,396710.0,3967100.0
0407020M0AAACAC,Methadone 50mg/1ml solution for injection ampoules,16787.0,2518050.0
0407020ADBTAAAK,Ixyldone 5mg modified-release tablets,763.0,7630.0
0407020A0BRABAE,Opiodur 25micrograms/hour transdermal patches (Pfizer),35.0,6300.0
0407020ADAAAKAK,Oxycodone 5mg modified-release tablets,1854984.0,18549840.0
0407020A0BEAAAU,Matrifen 12micrograms/hour transdermal patches,1044160.0,90215424.00000001
0407020A0BQABAE,Fencino 25micrograms/hour transdermal patches,515754.0,92835720.0
0407020A0BBALAH,Durogesic DTrans 100micrograms/hour transdermal patches,155073.0,111652560.0
0407010F0AAAWAW,Co-codamol 15mg/500mg effervescent tablets sugar free,401823.0,602734.5
0407020Q0AADRDR,Morphine 50mg tablets,152680.0,7634000.0
0407020AFBBADAD,Targinact 40mg/20mg modified-release tablets,91676.0,7334080.0
0407020K0AAEGEG,Diamorphine 10mg powder for solution for injection vials,102.0,3060.0
040702050AAAAAA,Hydromorphone 16mg modified-release capsules,15592.0,1247360.0
0407020Q0BBAJDE,MST Continus suspension 200mg granules sachets,2298.0,459600.0
0407020A0BFABAE,Mezolar Matrix 25micrograms/hour transdermal patches,336765.0,60617700.0
0407020AFAAAAAA,Oxycodone 10mg / Naloxone 5mg modified-release tablets,463850.0,9277000.0
0407020ADBBABAB,OxyNorm 10mg/ml concentrate oral solution,855956.0,17119120.0
0407020A0AABBBB,Fentanyl 800microgram sublingual tablets sugar free,12705.0,1321320.0
040702040BSACAE,Tilodol SR 200mg tablets,3493.0,69860.0
0407020P0AAASAS,Morphine hydrochloride 10mg/5ml oral solution,600.0,1200.0
0407020A0BRAJAH,Opiodur 100micrograms/hour transdermal patches (RX Farma),93.0,66960.0
0407020C0AAADAD,Codeine 15mg tablets,135796520.0,203694780.0
0407020B0AAAJAJ,Buprenorphine 20micrograms/hour transdermal patches,215865.0,72530640.0
0407020Q0AAA6A6,Morphine sulfate 20mg/ml oral solution sugar free,894178.0,17883560.0
0407020A0BFACAF,Mezolar Matrix 50micrograms/hour transdermal patches,212401.0,76464360.0
0407020AGAAABAB,Tapentadol 75mg tablets,148503.0,4455090.0
0407020V0AAAEAE,Pethidine 100mg/2ml solution for injection ampoules,20087.0,482088.0
0407020A0BWABAJ,Cynril 400microgram loz with integral oromucosal applicator,948.0,49296.0
0407020A0BKABBD,Effentora 200microgram buccal tablets,44606.0,1159756.0
040702040BBABAB,Zydol 100mg/2ml solution for injection ampoules,1977.0,19770.0
0407020K0AAAGAG,Diamorphine 500mg powder for solution for injection ampoules,1473.0,2209500.0
040702040BVAAAD,Zytram SR 150mg tablets,1525.0,22875.0
0407020A0BWADAL,Cynril 800microgram loz with integral oromucosal applicator,1566.0,162864.0
040702020AAABAB,Morphine tartrate 15mg/1ml / Cyclizine tartrate 50mg inj amp,5.0,150.0
0407020ADBDADAH,Carexil 40mg modified-release tablets,56.0,4480.0
040702040AAAAAA,Tramadol 50mg capsules,491546793.0,2457733965.0
0407020Q0AACNCN,Morphine sulfate 10mg/5ml oral solution,400965161.0,801930322.0
0407020ADBEABAF,Longtec 10mg modified-release tablets,8207103.0,164142060.0
0407020Q0BCABA6,Oramorph 20mg/ml concentrated oral solution,764860.0,15297200.0
1501043A0AAACAC,Alfentanil 5mg/10ml solution for injection ampoules,2516.0,377400.0
0407020A0BRAFAU,Opiodur 12micrograms/hour transdermal patches (RX Farma),882.0,76204.8
040702040BJABAH,Tramquel SR 100mg capsules,28454.0,284540.0
0407020A0BWAAAI,Cynril 200microgram loz with integral oromucosal applicator,6929.0,180154.0
0407020A0BGAAAE,Fentalis Reservoir 25micrograms/hour transdermal patches,109.0,19620.0
0407020AFBBAAAA,Targinact 10mg/5mg modified-release tablets,308024.0,6160480.0
040702040BPACAI,Maxitram SR 150mg capsules,96656.0,1449840.0
0407020A0BKAABC,Effentora 100microgram buccal tablets,47593.0,618709.0
040702040BPAAAG,Maxitram SR 50mg capsules,613880.0,3069400.0
0407020ADBLACAR,Oxeltra 30mg modified-release tablets,337400.0,20244000.0
0407020A0BRAMAF,Opiodur 50micrograms/hour transdermal patches (Zentiva),699.0,251640.0
0309010N0AAAKAK,Diamorphine 2mg/5ml oral solution,250.0,100.0
0407020K0AAABAB,Diamorphine 10mg powder for solution for injection ampoules,165646.0,4969380.0
040702040BDABAG,Zamadol SR 50mg capsules,77900.0,389500.0
0407020ADBMAGAQ,Abtard 60mg modified-release tablets,37231.0,4467720.0
0407020ADBKACAG,Reltebon 20mg modified-release tablets,288712.0,11548480.0
040702020BBAAAA,Cyclimorph 10 solution for injection 1ml ampoules,3115.0,62300.0
0407020Q0AACGCG,Morphine 5mg modified-release tablets,4254054.0,21270270.0
0407020B0BHAAAH,Butec 5micrograms/hour transdermal patches,2009254.0,168777336.0
0407020ADBSAEAR,Oxypro 30mg modified-release tablets,421555.0,25293300.0
1001010J0B4AKAY,Nurofen Plus tablets,56920.0,72857.60000000002
040702050BBADAG,Palladone SR 4mg capsules,14385.0,287700.0
0407020ADBQACAH,Onexila XL 40mg tablets,2922.0,233760.0
0407020A0BKADBF,Effentora 600microgram buccal tablets,7638.0,595764.0
0407020AFBDACAB,Oxyargin 20mg/10mg modified-release tablets,396.0,15840.0
0407020ADBJAGAA,Shortec liquid 5mg/5ml oral solution,8852819.0,17705638.0
0407020B0AAAHAH,Buprenorphine 5micrograms/hour transdermal patches,587599.0,49358316.0
040702040AAAYAY,Tramadol 50mg modified-release tablets,6689603.0,33448015.0
040702040AAATAT,Tramadol 50mg orodispersible tablets sugar free,666135.0,3330675.0
0407020ADAAANAN,Oxycodone 50mg/1ml solution for injection ampoules,68042.0,6804200.0
0407020A0AABJBJ,Fentanyl 100micrograms/dose nasal spray,2943.0,47088.0
0407020A0BJADAZ,Abstral 400microgram sublingual tablets,33360.0,1734720.0
0407010X0BZAAAY,Ultramol Soluble tablets,100.0,80.0
040702040BQAAAC,Oldaram 100mg modified-release tablets,56.0,560.0
0407020G0BBAAAD,DHC Continus 60mg tablets,768003.0,4608018.0
0309010C0AAAAAA,Codeine 15mg/5ml linctus,8947488.0,2684246.4
0407020B0BGAAAE,Hapoctasin 35micrograms/hour transdermal patches,18383.0,6176688.0
0407020ADBRAFAH,Renocontin 40mg modified-release tablets,70027.0,5602160.0
040702040BDAIAE,Zamadol 24hr 200mg modified-release tablets,16025.0,320500.0
040702040BIAAAC,Tradorec XL 100mg tablets,63589.0,635890.0
0407020M0AABMBM,Methadone 100mg capsules,3640.0,1092000.0
040702040BLACAE,Zeridame SR 200mg tablets,88.0,1760.0
0407020Q0BBALCF,MST Continus 15mg tablets,2801996.0,42029940.0
0407020ADBLAHAG,Oxeltra 20mg modified-release tablets,766942.0,30677680.0
0407020ADBMADAG,Abtard 20mg modified-release tablets,83114.0,3324560.0
0407020Q0AADDDD,Morphine 100mg modified-release granules sachets sugar free,12652.0,1265200.0
0407020AFBBACAC,Targinact 5mg/2.5mg modified-release tablets,197685.0,1976850.0
0407020A0BRAHAF,Opiodur 50micrograms/hour transdermal patches (RX Farma),455.0,163800.0
0407010F0BIAAAP,Panadol Ultra 12.8mg/500mg tablets,660.0,844.8000000000001
0407020ADAAAGAG,Oxycodone 20mg modified-release tablets,1483799.0,59351960.0
0407020Q0BIAEDW,MXL 150mg capsules,25611.0,3841650.0
040702040AABBBB,Tramadol 100mg/ml oral drops,4490.0,44900.0
0407020A0BKAEBG,Effentora 800microgram buccal tablets,9743.0,1013272.0
0407020ADBFABAF,Oxylan 10mg modified-release tablets (Chanelle Medical),23802.0,476040.0
0407020M0BBACA3,Physeptone 20mg/2ml solution for injection ampoules,58.0,3480.0
0407020A0BRAAAU,Opiodur 12micrograms/hour transdermal patches (Pfizer),10.0,864.0
0407010M0AAAAAA,Co-codaprin 8mg/400mg tablets,182.0,145.6
0407020Q0AAALAL,Morphine 30mg modified-release tablets,3121258.0,93637740.0
040702040AAAGAG,Tramadol 50mg modified-release capsules,4462084.0,22310420.0
0407020B0BMABAI,Sevodyne 10micrograms/hour transdermal patches,92076.0,15468768.0
0407020ADBCACAH,OxyContin 40mg modified-release tablets,242557.0,19404560.0
040702040BFAAAU,Tramacet 37.5mg/325mg tablets,905912.0,3397170.0
0407020B0BPAAAE,Relevtec 35micrograms/hour transdermal patches,16891.0,5675376.0
040702040BFABBA,Tramacet 37.5mg/325mg effervescent tablets,41272.0,154770.0
0407020B0BLABAI,Panitaz 10micrograms/hour transdermal patches,9105.0,1529640.0
040702050AAAFAF,Hydromorphone 2mg modified-release capsules,46237.0,462370.0
0407020ADAAAQAQ,Oxycodone 60mg modified-release tablets,167534.0,20104080.0
0407020B0BKAAAH,Reletrans 5micrograms/hour transdermal patches,166651.0,13998684.0
040702040AAACAC,Tramadol 100mg modified-release tablets,3291355.0,32913550.0
0407020ADBEADAH,Longtec 40mg modified-release tablets,2814710.0,225176800.0
0407020Q0BNABAL,Morphgesic SR 30mg tablets,1014779.0,30443370.0
0407020A0AAAGAG,Fentanyl 75micrograms/hour transdermal patches,85810.0,46337400.0
0407020A0BBAMAU,Durogesic DTrans 12micrograms/hour transdermal patches,182222.0,15743980.799999997
040702040BUACAE,Maneo 200mg modified-release tablets,3608.0,72160.0
0407020Q0AAFCFC,Morphine sulfate 10mg/1ml inj pre-filled syringes,17.0,340.0
0407020Q0BKABEG,Zomorph 30mg modified-release capsules,24417549.0,732526470.0
0407010F0BVABAV,Codipar 15mg/500mg capsules,356129.0,534193.5
0407010F0BGAAAF,Solpadol 30mg/500mg effervescent tablets,9836631.0,29509893.0
0407020Q0AACVCV,Morphine 20mg modified-release granules sachets sugar free,160686.0,3213720.0
0407010N0AAACAC,Co-dydramol 10mg/500mg/5ml oral solution,1652.0,330.4
0407020Q0BNAAAK,Morphgesic SR 10mg tablets,1583538.0,15835380.0
0407020ADBSAGAQ,Oxypro 60mg modified-release tablets,175410.0,21049200.0
040702040BDAGAT,Zamadol Melt 50mg tablets,80661.0,403305.0
040702040BDAKAN,Zamadol 24hr 400mg modified-release tablets,3993.0,159720.0
040702040BTABAD,Invodol SR 150mg tablets,16702.0,250530.0
0407010F0AABABA,Co-codamol 8mg/500mg effervescent tablets sugar free,35067.0,28053.599999999995
0407020Q0AABCBC,Morphine sulfate 10mg/2ml solution for injection ampoules,70.0,1400.0
0407010F0AAAYAY,Co-codamol 60mg/1000mg tablets,140.0,840.0
040702040AAAZAZ,Tramadol 50mg/5ml oral suspension,10000.0,10000.0
0407020AGAAAFAF,Tapentadol 200mg modified-release tablets,722436.0,57794880.0
0407020ADBJAHAB,Shortec 10mg/ml concentrate oral solution,340618.0,6812360.0
0407020ADBKAEAI,Reltebon 80mg modified-release tablets,53675.0,8588000.0
040702040BHABAD,Mabron 150mg modified-release tablets (Morningside),7658.0,114870.0
0407020ADAAASAS,Oxycodone 15mg modified-release tablets,440221.0,13206630.0
0407010Q0AAADAD,Co-proxamol 32.5mg/325mg/5ml oral suspension,1482.0,963.3000000000001
0407020C0AAAAAA,Codeine 60mg/1ml solution for injection ampoules,5.0,30.0
0407020B0BIACAG,Bupeaze 70micrograms/hour transdermal patches,40654.0,27319488.0
0407020B0BGACAG,Hapoctasin 70micrograms/hour transdermal patches,8548.0,5744256.0
040702040BTACAE,Invodol SR 200mg tablets,31188.0,623760.0
0407020B0AAAEAE,Buprenorphine 35micrograms/hour transdermal patches,195644.0,65736384.0
0407020A0BJACAY,Abstral 300microgram sublingual tablets,24443.0,953277.0
0407020ADBHABAD,Lynlor 10mg capsules,599399.0,11987980.0
0407020Q0AADVDV,Morphine 120mg modified-release capsules,22844.0,2741280.0
0407020A0BCABAJ,Actiq 400microgram loz with integral oromucosal applicator,40845.0,2123940.0
040702040BDAAAA,Zamadol 50mg capsules,40474.0,202370.0
040702050AAANAN,Hydromorphone 10mg/1ml solution for injection ampoules,967.0,48350.0
0407020AFBDADAD,Oxyargin 40mg/20mg modified-release tablets,336.0,26880.0
0407020Q0AAEFEF,Morphine 10mg modified-release capsules,9836394.0,98363940.0
0407020A0BVAEAH,Yemex 100micrograms/hour transdermal patches,2983.0,2147760.0
040702040BUABAD,Maneo 150mg modified-release tablets,1096.0,16440.0
0407010N0BIAAAA,Eroset 500mg/10mg tablets,141526.0,141526.0
0407020ADBDABAF,Carexil 10mg modified-release tablets,495.0,9900.0
0407020T0AAAAAA,Pentazocine 50mg capsules,68518.0,1267583.0
0407020A0BBAIAE,Durogesic DTrans 25micrograms/hour transdermal patches,238083.0,42854940.0
0407020A0AAAJAJ,Fentanyl 400microgram lozenges,81667.0,4246684.0
0407020Q0AAGAGA,Morphine sulfate 10mg/10ml solution for injection ampoules,2172.0,43440.0
040702040BBAGAD,Zydol XL 150mg tablets,14345.0,215175.0
0407020AGBBAHAH,Palexia 20mg/ml oral solution,10400.0,83200.0
0407020A0BJAEBA,Abstral 600microgram sublingual tablets,15646.0,1220388.0
0407041A0AAAGAG,Generic Migraleve Pink tablets,122.0,97.60000000000002
0407020Q0AADEDE,Morphine 200mg modified-release granules sachets sugar free,150.0,30000.0
0407010F0BSABAD,Zapain 30mg/500mg capsules,33285520.0,99856560.0
0407020Q0BBABAL,MST Continus 30mg tablets,3586761.0,107602830.0
0407020Q0AAEGEG,Morphine 30mg modified-release capsules,3400052.0,102001560.0
0407020C0AAAFAF,Codeine 60mg tablets,2339125.0,14034750.0
0407020Q0BNACAI,Morphgesic SR 60mg tablets,234155.0,14049300.0
0407020ADBSAAAK,Oxypro 5mg modified-release tablets,751069.0,7510690.0
0407010F0AAAPAP,Co-codamol 12.8mg/500mg tablets,280451.0,358977.28
0407020ADBQABAG,Onexila XL 20mg tablets,2473.0,98920.0
0407020A0BCAFAP,Actiq 1.6mg lozenges with integral oromucosal applicator,5108.0,1062464.0
040702040BKACAE,Tramulief SR 200mg tablets,1541342.0,30826840.0
0407020G0BCADAI,DF 118 Forte 40mg tablets,40033.0,160132.0
0407020ADBTADAG,Ixyldone 20mg modified-release tablets,3530.0,141200.0
040702050BBAJAN,Palladone 10mg/1ml solution for injection ampoules,21.0,1050.0
040702040AAAJAJ,Tramadol 200mg modified-release capsules,2019475.0,40389500.0
040702040BNAEAD,Marol 150mg modified-release tablets (Teva),2340010.0,35100150.0
0407020ADBBAGAM,OxyNorm 20mg/2ml solution for injection ampoules,2717.0,108680.0
0407010F0BEAAAD,Tylex 30mg/500mg capsules,3900779.0,11702337.0
0407010F0BVAAAK,Codipar 15mg/500mg tablets,508566.0,762849.0
0407020Q0AADUDU,Morphine 90mg modified-release capsules,22087.0,1987830.0
0407020Q0AAACAC,Morphine sulfate 15mg/1ml solution for injection ampoules,8499.0,254970.0
1001010J0AAAYAY,Ibuprofen 200mg / Codeine 12.8mg tablets,43634.0,55851.520000000026
0407020Q0BNADAH,Morphgesic SR 100mg tablets,84964.0,8496400.0
0407020B0BNABAF,Buplast 52.5micrograms/hour transdermal patches,350.0,176400.0
040702040BIACAM,Tradorec XL 300mg tablets,4515.0,135450.0
040702040BSAAAC,Tilodol SR 100mg tablets,14970.0,149700.0
040702050BBAEAC,Palladone SR 8mg capsules,8752.0,350080.0
0407020ADAAATAT,Oxycodone 5mg tablets,1288.0,12880.0
0407020ADAAAVAV,Oxycodone 20mg tablets,168.0,6720.0
0407020A0BRAEAF,Opiodur 50micrograms/hour transdermal patches (Pfizer),10.0,3600.0
040702040BKAAAC,Tramulief SR 100mg tablets,3587633.0,35876330.0
0407020Q0AAAMAM,Morphine sulfate 60mg/2ml solution for injection ampoules,11214.0,1345680.0
040702050BBAAAE,Palladone 1.3mg capsules,26054.0,169351.0
0407020V0AABFBF,Pethidine 50mg capsules,9653.0,48265.0
0407020A0AAAKAK,Fentanyl 600microgram lozenges,46934.0,3660852.0
0407020Q0BBAEAG,MST Continus 200mg tablets,68985.0,13797000.0
0407010F0BYAAAH,Emcozin 30mg/500mg tablets,711184.0,2133552.0
0407020Q0BHADCE,Sevredol 20mg tablets,1259945.0,25198900.0
0407020AGBBACAC,Palexia SR 50mg tablets,107247.0,2144940.0
0407020ADBMAHAI,Abtard 80mg modified-release tablets,12586.0,2013760.0
0407020Q0BCAGCN,Oramorph 10mg/5ml oral solution,227016959.0,454033918.0
0407020A0BFAAAU,Mezolar Matrix 12micrograms/hour transdermal patches,307403.0,26559619.2
0407020ADBJACAE,Shortec 20mg capsules,2808482.0,112339280.0
0407020Q0AAADAD,Morphine sulfate 30mg/1ml solution for injection ampoules,99766.0,5985960.0
040702050AAAGAG,Hydromorphone 4mg modified-release capsules,50420.0,1008400.0
0407020ADBTABAF,Ixyldone 10mg modified-release tablets,7162.0,143240.0
0407020K0AAEFEF,Diamorphine 5mg powder for solution for injection vials,90.0,1350.0
0407020Q0AAAGAG,Morphine 200mg modified-release tablets,16565.0,3313000.0
040702050AAAEAE,Hydromorphone 1.3mg capsules,153614.0,998491.0
0407020B0BTABAF,Carlosafine 52.5micrograms/hour transdermal patches,285.0,143640.0
040702040BBAIAM,Zydol XL 300mg tablets,10905.0,327150.0
040702040BJADAJ,Tramquel SR 200mg capsules,13443.0,268860.0
0407010M0AAABAB,Co-codaprin 8mg/400mg dispersible tablets,3746.0,2996.7999999999997
0407020A0BMAEAU,Victanyl 12micrograms/hour transdermal patches,1509.0,130377.59999999999
0407010F0AAADAD,Co-codamol 30mg/500mg capsules,179564035.0,538692105.0
0407020G0BBACAF,DHC Continus 120mg tablets,318143.0,3817716.0
0407010F0BVACAW,Codipar 15mg/500mg effervescent tablets,3384.0,5076.0
0407020A0BJAAAW,Abstral 100microgram sublingual tablets,140270.0,1823510.0
0407020A0AAAIAI,Fentanyl 200microgram lozenges,122178.0,3176628.0
0407020ADBLAGAS,Oxeltra 15mg modified-release tablets,205724.0,6171720.0
0407020A0AAAXAX,Fentanyl 200microgram sublingual tablets sugar free,29778.0,774228.0
0407020B0BQAAAH,Bupramyl 5micrograms/hour transdermal patches,683.0,57372.0
0407020A0BRALAE,Opiodur 25micrograms/hour transdermal patches (Zentiva),901.0,162180.0
0407020A0AABEBE,Fentanyl 400microgram buccal tablets sugar free,38622.0,2008344.0
0407020A0BRACAG,Opiodur 75micrograms/hour transdermal patches (Pfizer),78.0,42120.0
0407020Q0AAEHEH,Morphine 60mg modified-release capsules,815130.0,48907800.0
0407020A0AAAEAE,Fentanyl 25micrograms/hour transdermal patches,391004.0,70380720.0
0407020A0BQACAF,Fencino 50micrograms/hour transdermal patches,272371.0,98053560.0
0407020B0AAAKAK,Buprenorphine 15micrograms/hour transdermal patches,119533.0,30122316.0
0407020Q0BBAFCV,MST Continus suspension 20mg granules sachets,178199.0,3563980.0
0407020AGAAAHAH,Tapentadol 20mg/ml oral solution sugar free,254974.0,2039792.0
0407020K0AACBCB,Diamorphine 10mg tablets,73277.0,732770.0
0407020B0BSABAF,Turgeon 52.5micrograms/hour transdermal patches,88.0,44352.0
0407020Q0AAFJFJ,Morphine sulfate 10mg/10ml inj pre-filled syringes,28.0,560.0
0407020M0AABIBI,Methadone 30mg capsules,448.0,40320.0
0407020B0BUACAJ,Bunov 20micrograms/hour transdermal patches,78666.0,26431776.0
0407010F0BHADAD,Kapake 30mg/500mg capsules,1547760.0,4643280.0
0407020B0BMACAJ,Sevodyne 20micrograms/hour transdermal patches,55745.0,18730320.0
0407020ADBSAHAI,Oxypro 80mg modified-release tablets,186426.0,29828160.0
0407020A0BRAPAH,Opiodur 100micrograms/hour transdermal patches (Zentiva),370.0,266400.0
040702040BNABAD,Marol 150mg modified-release tablets (Morningside),176.0,2640.0
0407020A0BWACAK,Cynril 600microgram loz with integral oromucosal applicator,807.0,62946.0
0407020C0AAASAS,Codeine 30mg suppositories,1.0,3.0
0407010F0BSAAAH,Zapain 30mg/500mg tablets,414319916.0,1242959748.0
0309010C0AAADAD,Codeine 15mg/5ml linctus sugar free,15790314.0,4737094.2
0407020B0BHADAK,Butec 15micrograms/hour transdermal patches,592423.0,149290596.0
0407020B0BKADAJ,Reletrans 20micrograms/hour transdermal patches,94990.0,31916640.0
040702040BHAAAC,Mabron 100mg modified-release tablets (Morningside),47028.0,470280.0
0407010W0BHAAAD,Codis 500 dispersible tablets,902.0,721.6
040702040BJAAAG,Tramquel SR 50mg capsules,29639.0,148195.0
0407020AGBBAEAE,Palexia SR 150mg tablets,24883.0,1492980.0000000002
040702040BVABAP,Zytram SR 75mg tablets,46.0,345.00000000000006
0407020AFBCACAD,Myloxifin 40mg/20mg modified-release tablets,112.0,8960.0
0407020ADBUAAAU,Oxyact 10mg tablets,60.0,1200.0
0407020ADBCADAI,OxyContin 80mg modified-release tablets,130733.0,20917280.0
040702040AAADAD,Tramadol 150mg modified-release tablets,481707.0,7225605.0
0407020AFAAACAC,Oxycodone 5mg / Naloxone 2.5mg modified-release tablets,233637.0,2336370.0
040702040BDACAH,Zamadol SR 100mg capsules,193488.0,1934880.0
0407020C0AAABAB,Codeine 25mg/5ml oral solution,4649445.0,2324722.5
0407020ADBCAAAF,OxyContin 10mg modified-release tablets,901462.0,18029240.0
0407020Q0BIABEH,MXL 60mg capsules,51344.0,3080640.0
0407020ADBMABAF,Abtard 10mg modified-release tablets,137022.0,2740440.0
0407020ADBCAFAP,OxyContin 120mg modified-release tablets,14457.0,3469680.0
040702040BHAEAD,Mabron 150mg modified-release tablets (Teva),10912.0,163680.0
0407020A0BRAIAG,Opiodur 75micrograms/hour transdermal patches (RX Farma),229.0,123660.0
040702040BWAAAC,Brimisol PR 100mg tablets,836.0,8360.0
0407020ADAAAAAA,Oxycodone 5mg/5ml oral solution sugar free,78241806.0,156483612.0
0407020A0AABWBW,Fentanyl 37.5microgram/hour transdermal patches,159156.0,42972120.0
0407020A0AABDBD,Fentanyl 200microgram buccal tablets sugar free,90791.0,2360566.0
0407020Q0BBAHDC,MST Continus suspension 60mg granules sachets,25990.0,1559400.0
0407020A0BBABAF,Durogesic 50micrograms transdermal patches,15.0,5400.0
0407020A0BBADAH,Durogesic 100micrograms transdermal patches,20.0,14400.0
0407020A0BQAAAU,Fencino 12micrograms/hour transdermal patches,443141.0,38287382.400000006
0407020G0AAAFAF,Dihydrocodeine 120mg modified-release tablets,2568329.0,30819948.0
0407020ADBEAIAQ,Longtec 60mg modified-release tablets,952372.0,114284640.0
0407020AGAAACAC,Tapentadol 50mg modified-release tablets,3160314.0,63206280.0
0407020AGAAAEAE,Tapentadol 150mg modified-release tablets,705937.0,42356220.0
0407020Q0AAFZFZ,Morphine sulfate 5mg/5ml solution for injection ampoules,5742.0,57420.0
0407010X0BMAAAJ,Solpadeine Plus tablets,11910.0,9528.0
0407020B0BTAAAE,Carlosafine 35micrograms/hour transdermal patches,965.0,324240.0
0407020ADBLAAAK,Oxeltra 5mg modified-release tablets,679312.0,6793120.0
0407020AGBBAGAG,Palexia SR 250mg tablets,13426.0,1342600.0000000002
040702040BVACAC,Zytram SR 100mg tablets,3038.0,30380.0
0407020A0AABABA,Fentanyl 600microgram sublingual tablets sugar free,6815.0,531570.0
0407020V0AAAAAA,Pethidine 50mg/1ml solution for injection ampoules,23201.0,278412.0
0104020N0AAAEAE,Morphine 1mg/5ml / Peppermint oil 1.5microlitres/5ml soln,3745.0,749.0
0407020A0AABPBP,Fentanyl 400micrograms/dose nasal spray,8374.0,535936.0
0407010F0AAAHAH,Co-codamol 30mg/500mg tablets,607645867.0,1822937601.0
0407020A0BJABAX,Abstral 200microgram sublingual tablets,71565.0,1860690.0
0104020N0AAABAB,Kaolin and Morphine mixture,96720.0,8859.552
0407010F0BPAAAP,Solpadeine Max 12.8mg/500mg tablets,52791.0,67572.48
040702050AAADAD,Hydromorphone 2.6mg capsules,93414.0,1214382.0
040702040BBAFAF,Zydol 50mg soluble tablets,83783.0,418915.0
0407020ADBTAEAR,Ixyldone 30mg modified-release tablets,1442.0,86520.0
040702050BBABAD,Palladone 2.6mg capsules,15372.0,199836.0
040702040BWABAE,Brimisol PR 200mg tablets,801.0,16020.0
0407020ADBEACAG,Longtec 20mg modified-release tablets,5732805.0,229312200.0
0407020AFAAABAB,Oxycodone 20mg / Naloxone 10mg modified-release tablets,365531.0,14621240.0
0407020ADBLAEAH,Oxeltra 40mg modified-release tablets,394843.0,31587440.0
0407020B0BIAAAE,Bupeaze 35micrograms/hour transdermal patches,53800.0,18076800.0
040702040AAABAB,Tramadol 100mg/2ml solution for injection ampoules,15128.0,151280.0
0407020ADBFADAH,Oxylan 40mg modified-release tablets (Chanelle Medical),3278.0,262240.0
040702050BBAFAA,Palladone SR 16mg capsules,3164.0,253120.0
0407020ADBTAHAI,Ixyldone 80mg modified-release tablets,2870.0,459200.0
0407020B0BSACAG,Turgeon 70micrograms/hour transdermal patches,108.0,72576.0
0407020A0AABHBH,Fentanyl 50micrograms/dose nasal spray,16.0,128.0
0407020K0AADIDI,Diamorphine 10mg/5ml oral solution,98.0,196.0
0407020ADBSACAS,Oxypro 15mg modified-release tablets,274672.0,8240160.0
0407020K0AAAFAF,Diamorphine 100mg powder for solution for injection ampoules,65072.0,19521600.0
040702040BBAHAE,Zydol XL 200mg tablets,25344.0,506880.0
0407020G0AAAPAP,Dihydrocodeine 10mg/5ml oral suspension,1400.0,280.0
0407020B0BHABAI,Butec 10micrograms/hour transdermal patches,1884139.0,316535352.0
0407020Q0BBAAAK,MST Continus 10mg tablets,9312554.0,93125540.0
0407020ADBSABAF,Oxypro 10mg modified-release tablets,1329870.0,26597400.0
0407010N0BGABAI,Remedeine Forte tablets,3065426.0,9196278.0
0407020A0BCAAAI,Actiq 200microgram loz with integral oromucosal applicator,39819.0,1035294.0
0407020A0BFAFBW,Mezolar Matrix 37.5microgram/hour transdermal patches,138060.0,37276200.0
0407020A0AAAHAH,Fentanyl 100micrograms/hour transdermal patches,100495.0,72356400.0
0407020A0BMABAF,Victanyl 50micrograms/hour transdermal patches,3345.0,1204200.0
0407020ADBRADAG,Renocontin 20mg modified-release tablets,142723.0,5708920.0
040702040BIABAE,Tradorec XL 200mg tablets,53398.0,1067960.0
0407020ADBHACAE,Lynlor 20mg capsules,325370.0,13014800.0
040702040BHADAC,Mabron 100mg modified-release tablets (Teva),83418.0,834180.0
0407020AGBBABAB,Palexia 75mg tablets,4902.0,147060.0
0407020M0AAA3A3,Methadone 20mg/2ml solution for injection ampoules,111.0,6660.0
0407020Q0AADNDN,Morphine sulfate 5mg/5ml oral solution,400.0,400.0
0407020A0BNAHBJ,Instanyl 100micrograms/dose nasal spray,18.0,288.0
0407020A0BEABAE,Matrifen 25micrograms/hour transdermal patches,1131234.0,203622120.0
0407020AGAAAAAA,Tapentadol 50mg tablets,2507494.0,50149880.0
0407020B0BDAAAE,Transtec 35micrograms/hour transdermal patches,160450.0,53911200.0
0407020A0BBAJAF,Durogesic DTrans 50micrograms/hour transdermal patches,177014.0,63725040.0
0407020G0AAAAAA,Dihydrocodeine 10mg/5ml oral solution,131760.0,26352.0
0407020Q0AAAIAI,Morphine 60mg modified-release tablets,845699.0,50741940.0
040702050BBACAF,Palladone SR 2mg capsules,7754.0,77540.0
0407020Q0AAENEN,Morphine sulfate 50mg/50ml solution for infusion vials,160.0,16000.0
0407020M0BBAIAC,Physeptone 50mg/1ml solution for injection ampoules,1945.0,291750.0
1501043A0AAAHAH,Alfentanil 25mg/50ml solution for injection vials,1.0,750.0
0407010F0AAAFAF,Co-codamol 30mg/500mg effervescent tablets,68876030.0,206628090.0
0407020ADBCAGAQ,OxyContin 60mg modified-release tablets,75346.0,9041520.0
0407020B0BQABAI,Bupramyl 10micrograms/hour transdermal patches,318.0,53424.0
0407020A0BKACBE,Effentora 400microgram buccal tablets,27989.0,1455428.0
0407020A0BGACAG,Fentalis Reservoir 75micrograms/hour transdermal patches,240.0,129600.0
0407010F0BBABAC,Paracodol 8mg/500mg effervescent tablets,284.0,227.20000000000002
0407020B0AAAAAA,Buprenorphine 300micrograms/1ml inj ampoules,5.0,150.0
040702050AAAPAP,Hydromorphone 50mg/1ml solution for injection ampoules,5.0,1250.0
040702040BDAEAJ,Zamadol SR 200mg capsules,84042.0,1680840.0
0407020Q0AAEIEI,Morphine 200mg modified-release capsules,32889.0,6577800.0
0407020ADBJAFAN,Shortec 50mg/1ml solution for injection ampoules,927.0,92700.0
0407020B0BSAAAE,Turgeon 35micrograms/hour transdermal patches,98.0,32928.0
0407020G0AAACAC,Dihydrocodeine 30mg tablets,120176529.0,360529587.0
040702040BKABAD,Tramulief SR 150mg tablets,647356.0,9710340.0
0407020ADBEAFAP,Longtec 120mg modified-release tablets,274145.0,65794800.0
0407020A0BEACAF,Matrifen 50micrograms/hour transdermal patches,610299.0,219707640.0
0407020V0AAACAC,Pethidine 50mg tablets,663223.0,3316115.0
0407020ADBJAGAA,Shortec liquid 1mg/ml oral solution,9405795.0,18811590.0
0407020AFBDABAA,Oxyargin 10mg/5mg modified-release tablets,253.0,5060.0
0407020ADBEAEAI,Longtec 80mg modified-release tablets,987246.0,157959360.0
0407020ADBRAAAK,Renocontin 5mg modified-release tablets,89326.0,893260.0
0407020ADBRACAS,Renocontin 15mg modified-release tablets,35630.0,1068900.0
0407020A0BVADAG,Yemex 75micrograms/hour transdermal patches,1243.0,671220.0
1501043A0AAAFAF,Alfentanil 500micrograms/1ml solution for injection ampoules,160.0,2400.0
0407010N0AAAHAH,Co-dydramol 20mg/500mg tablets,4028431.0,8056862.0
0407020ADBSADAG,Oxypro 20mg modified-release tablets,932845.0,37313800.0
0407020AFAAADAD,Oxycodone 40mg / Naloxone 20mg modified-release tablets,133454.0,10676320.0
0407010F0BXAAAA,Migraleve Yellow tablets,272246.0,217796.7999999998
0407020B0BGABAF,Hapoctasin 52.5micrograms/hour transdermal patches,14105.0,7108920.0
0407020ADBRAGAQ,Renocontin 60mg modified-release tablets,21088.0,2530560.0
0407020B0BPABAF,Relevtec 52.5micrograms/hour transdermal patches,13931.0,7021224.0
0407020A0AAAZAZ,Fentanyl 400microgram sublingual tablets sugar free,12210.0,634920.0
0407020C0AAAEAE,Codeine 30mg tablets,279861835.0,839585505.0
0407010F0AAAKAK,Co-codamol 15mg/500mg tablets,144320817.0,216481225.5
0407020Q0BKADEB,Zomorph 100mg modified-release capsules,1721828.0,172182800.0
0407020AGBBADAD,Palexia SR 100mg tablets,64918.0,2596720.0
040702040BBADAD,Zydol SR 150mg tablets,66340.0,995100.0
0407020Q0AADCDC,Morphine 60mg modified-release granules sachets sugar free,29314.0,1758840.0
0407020B0BNACAG,Buplast 70micrograms/hour transdermal patches,1433.0,962976.0
0407020Q0AAGDGD,Morphine sulfate 15mg suppositories,40.0,600.0
0407020Q0AAAKAK,Morphine 10mg modified-release tablets,7833619.0,78336190.0
0407020Q0BKAAEF,Zomorph 10mg modified-release capsules,54936231.0,549362310.0
0407020B0BUAAAH,Bunov 5micrograms/hour transdermal patches,172136.0,14459424.0
0407020Q0AAEBEB,Morphine 100mg modified-release capsules,192532.0,19253200.0
040702040AABABA,Tramadol 37.5mg / Paracetamol 325mg efferv tab sugar free,73158.0,274342.5
0407020B0AAAGAG,Buprenorphine 70micrograms/hour transdermal patches,72632.0,48808704.0
040702040BBAKAY,Zydol SR 50mg tablets,403558.0,2017790.0
0407020ADBKAGAR,Reltebon 30mg modified-release tablets,116164.0,6969840.0
040702050AAABAB,Hydromorphone 24mg modified-release capsules,11415.0,1369800.0
0407020Q0AADSDS,Morphine 30mg capsules,60.0,1800.0
0407020Q0AACDCD,Morphine 10mg tablets,3529282.0,35292820.0
0407020M0AAAEAE,Methadone 5mg tablets,2362863.0,35442945.0
0407010F0BHAAAH,Kapake 30mg/500mg tablets,4264864.0,12794592.0
0407020ADBBAAAA,OxyNorm liquid 5mg/5ml oral solution,20654852.0,41309704.0
0407020B0BEAAAH,BuTrans 5micrograms/hour transdermal patches,166508.0,13986672.0
0407020ADAAACAC,Oxycodone 5mg capsules,2510691.0,25106910.0
040702020BBABAB,Cyclimorph 15 solution for injection 1ml ampoules,1455.0,43650.0
0407020ADBSAFAH,Oxypro 40mg modified-release tablets,469828.0,37586240.0
0407020A0BMACAG,Victanyl 75micrograms/hour transdermal patches,1639.0,885060.0
0407020ADBFACAG,Oxylan 20mg modified-release tablets (Chanelle Medical),16565.0,662600.0
0407020Q0AAA4A4,Morphine sulfate 1mg/1ml solution for injection ampoules,1503.0,3006.0
0407020Q0AAFDFD,Morphine sulfate 500micrograms/5ml oral solution,8258.0,825.8
0407020ADBBADAD,OxyNorm 10mg capsules,681902.0,13638040.0
0104020N0BEAAAE,J Collis Browne's mixture,6800.0,1360.0
0407010X0BEACAJ,Syndol Headache Relief tablets,11140.0,8912.0
040702020AAAAAA,Morphine tartrate 10mg/1ml / Cyclizine tartrate 50mg inj amp,1099.0,21980.0
0407020L0BBABAA,Meptid 100mg/1ml solution for injection ampoules,13.0,39.0
040702040BNAFAC,Marol 100mg modified-release tablets (Teva),13348891.0,133488910.0
0407020ADAAALAL,Oxycodone 10mg/1ml solution for injection ampoules,564013.0,11280260.0
0407020H0AAABAB,Dipipanone 10mg / Cyclizine 30mg tablets,138525.0,692625.0
040702040BSABAD,Tilodol SR 150mg tablets,1494.0,22410.0
0407020A0BRAKAU,Opiodur 12micrograms/hour transdermal patches (Zentiva),974.0,84153.6
0407010F0AAAZAZ,Co-codamol 30mg/500mg/5ml oral solution sugar free,79030.0,47418.0
0407020A0BCAEAN,Actiq 1.2mg lozenges with integral oromucosal applicator,1724.0,268944.0
0407020A0BJAFBB,Abstral 800microgram sublingual tablets,23186.0,2411344.0
0407020C0AAAPAP,Codeine 30mg/5ml oral solution,200.0,120.0
0407020ADBPADAR,Leveraxo 30mg modified-release tablets,42.0,2520.0
0407020ADAAABAB,Oxycodone 10mg/ml oral solution sugar free,1596748.0,31934960.0
0407020Q0BKAEEI,Zomorph 200mg modified-release capsules,220883.0,44176600.0
0407041A0BBABAG,Migraleve Pink tablets,1275547.0,1020437.5999999996
0407020A0BBAKAG,Durogesic DTrans 75micrograms/hour transdermal patches,99675.0,53824500.0
0407020A0BVABAE,Yemex 25micrograms/hour transdermal patches,4998.0,899640.0
0407020A0AAANAN,Fentanyl 1.2mg lozenges,2287.0,356772.0
0407020K0AAEIEI,Diamorphine 500mg powder for solution for injection vials,5.0,7500.0
0407020ADBJAEAM,Shortec 20mg/2ml solution for injection ampoules,1204.0,48160.0
0407020A0BBAAAE,Durogesic 25micrograms transdermal patches,92.0,16560.0
0407020K0AAAAAA,Diamorphine 5mg powder for solution for injection ampoules,115368.0,1730520.0
0407010F0BGABAH,Solpadol 30mg/500mg caplets,8895766.0,26687298.0
0407020A0BFAEAH,Mezolar Matrix 100micrograms/hour transdermal patches,106502.0,76681440.0
0407010F0BGACAD,Solpadol 30mg/500mg capsules,1834349.0,5503047.0
0407020Q0BIAAEG,MXL 30mg capsules,55854.0,1675620.0
0407020B0BFABAD,Tephine 400microgram sublingual tablets,3876.0,93024.0
040702040BLAAAC,Zeridame SR 100mg tablets,60.0,600.0
