bnf_name,bnf_code,ome_dose
Durogesic DTrans_T/Derm Patch 100mcg,0407020A0AAAHAH,830062800.0
Solpadeine Plus_Tab,0407010X0AAAJAJ,60470.39999999998
Oxycodone HCl_Inj 10mg/ml 2ml Amp,0407020ADAAAMAM,11788880.0
Mst Continus_Susp Gran Sach 60mg,0407020Q0AADCDC,6976920.0
Morph Sulph_Gran Sach 20mg M/R,0407020Q0AACVCV,5843600.0
Diocalm_Dual Action Tab Chble,0104020N0AAACAC,11942.43000000001
Papaveretum_Inj 15.4mg/ml (20mg) 1ml Amp,0407020ABAAABAB,248509.80000000002
Zeridame SR_Tab 200mg,040702040AAAEAE,496260.0
Osmach_Transdermal Patch 50mcg/hr,0407020A0AAAFAF,349920.0
Pamergan_P 100 Inj 2ml Amp,0407020V0AAAIAI,3528.0
Diamorph HCl_Liq Spec 100mg/5ml,0407020K0AADXDX,45200.0
Tramadol 50mg capsules,040702040AAAAAA,22314925565.0
Shortec 10mg capsules,0407020ADAAADAD,646599020.0
Lynlor 10mg capsules,0407020ADAAADAD,87644160.0
Cyclimorph 15 solution for injection 1ml ampoules,040702020AAABAB,4314960.0
Alfentanil 0.1% nasal spray,1501043A0AAAEAE,1395150.0
Tramadol 75mg / Paracetamol 650mg tablets,040702040AABCBC,35520.0
Dihydrocodeine Tart_Oral Soln 10mg/5ml,0407020G0AAAAAA,1072735.0
Morph Sulph_Cap 60mg M/R,0407020Q0AAEHEH,146958300.0
Tradorec XL_Tab 100mg,040702040AAACAC,4004440.0
Longtec_Tab 5mg M/R,0407020ADAAAKAK,1654730.0
Longtec_Tab 80mg M/R,0407020ADAAAIAI,24824800.0
Temgesic_Inj 300mcg/ml 1ml Amp,0407020B0AAAAAA,655080.0
Osmach_Transdermal Patch 100mcg/hr,0407020A0AAAHAH,581040.0
Morph Sulf_Inj 50mg/50ml Vl,0407020Q0AAENEN,1836.0
Oxylan_Tab 80mg M/R,0407020ADAAAIAI,196000.0
Dolocodon PR_Tab 20mg,0407020ADAAAGAG,1400.0
Longtec 10mg modified-release tablets,0407020ADAAAFAF,1109487360.0
Morphgesic SR 10mg tablets,0407020Q0AAAKAK,114330180.0
Solpadeine Plus tablets,0407010X0AAAJAJ,115519.19999999997
Bupramyl 5micrograms/hour transdermal patches,0407020B0AAAHAH,339948.0
Diamorphine 10mg tablets,0407020K0AACBCB,12220170.0
Ixyldone 15mg modified-release tablets,0407020ADAAASAS,78120.0
Buplast 52.5micrograms/hour transdermal patches,0407020B0AAAFAF,1154664.0
Opiodur 100micrograms/hour transdermal patches (RX Farma),0407020A0AAAHAH,392400.0
Fentanyl 800microgram buccal tablets sugar free,0407020A0AABGBG,16862400.0
Zeridame SR 200mg tablets,040702040AAAEAE,747760.0
Pethidine 50mg/5ml oral solution,0407020V0AAATAT,4449.0
Brimisol PR 200mg tablets,040702040AAAEAE,25020.0
Morphine sulfate 30mg suppositories,0407020Q0AAGCGC,506220.0
Morphine sulfate 100mg/50ml solution for infusion vials,0407020Q0AAELEL,1728.0
Zamadol SR_Cap 200mg,040702040AAAJAJ,12628120.0
Morph Sulph_Inj 2.5mg/5ml Amp,0407020Q0AAAEAE,75.0
Oxycodone 10mg modified-release tablets,0407020ADAAAFAF,644502360.0
Mezolar Matrix 12micrograms/hour transdermal patches,0407020A0AAAUAU,146010124.8
Dihydrocodeine 120mg modified-release tablets,0407020G0AAAFAF,271676892.0
Tramadol 100mg modified-release tablets,040702040AAACAC,655442260.0
Lynlor 5mg capsules,0407020ADAAACAC,51532820.0
Abtard 40mg modified-release tablets,0407020ADAAAHAH,39458880.0
Maneo 100mg modified-release tablets,040702040AAACAC,874180.0
Effentora 800microgram buccal tablets,0407020A0AABGBG,9464112.0
Gppe Tab_Diocalm Chble,0104020N0AAACAC,15.8
Kapake Insts 30mg/500mg effervescent powder sachets,0407010F0AAAQAQ,150.0
Ibuprofen/Codeine Phos_Tab 200mg/12.8mg,1001010J0AAAYAY,589914.8800000004
Tylex_Cap 30mg/500mg,0407010F0AAADAD,108658977.0
Morph Sulf_Inj 10mg/1ml Amp,0407020Q0AAABAB,32703200.0
Diamorph HCl_Inj 500mg Vl (Dry),0407020K0AAEIEI,13554000.0
Palexia_SR Tab 100mg,0407020AGAAADAD,2726680.0
DHC Continus 60mg tablets,0407020G0AAADAD,42991008.0
Oxypro 5mg modified-release tablets,0407020ADAAAKAK,18766210.0
MST Continus suspension 60mg granules sachets,0407020Q0AADCDC,12998880.0
Oxyact 5mg tablets,0407020ADAAATAT,70550.0
Ixyldone 20mg modified-release tablets,0407020ADAAAGAG,174240.0
Zydol 100mg/2ml solution for injection ampoules,040702040AAABAB,161010.0
Physeptone 50mg/2ml solution for injection ampoules,0407020M0AAA6A6,144225.0
Leveraxo 10mg modified-release tablets,0407020ADAAAFAF,105000.0
Hydromorphone 10mg/1ml solution for injection ampoules,040702050AAANAN,220100.0
Synastone 50mg/1ml solution for injection ampoules,0407020M0AAACAC,2008800.0
Durogesic 50micrograms transdermal patches,0407020A0AAAFAF,133920.0
Morphine sulfate 60mg suppositories,0407020Q0AABNBN,3780.0
Morph Sulf_Cap 10mg M/R,0407020Q0AAEFEF,42420980.0
Fencino_Transdermal Patch 50mcg/hr,0407020A0AAAFAF,62044560.0
Oxycodone HCl/NaloxoneHCl_Tab 40/20mgM/R,0407020AFAAADAD,76528080.0
Zamadol 24hr_Tab 400mg,040702040AAANAN,2907640.0
Zomorph_Cap 200mg,0407020Q0AAEIEI,245843200.0
Fentanyl_Loz 1.2mg,0407020A0AAANAN,19876896.0
Pethidine HCl_Inj 100mg/ml 1ml Amp,0407020V0AAAXAX,18288.0
OxyContin 10mg modified-release tablets,0407020ADAAAFAF,256322040.0
Oxypro 30mg modified-release tablets,0407020ADAAARAR,62380740.0
BuTrans 15micrograms/hour transdermal patches,0407020B0AAAKAK,77157360.0
Tramadol 200mg modified-release tablets,040702040AAAEAE,341585840.0
Maxitram SR 100mg capsules,040702040AAAHAH,45656290.0
Temgesic 200microgram sublingual tablets,0407020B0AAABAB,79253220.0
Zydol XL 150mg tablets,040702040AAADAD,1526595.0
Tramquel SR 150mg capsules,040702040AAAIAI,1246230.0
Filnarine SR 10mg tablets,0407020Q0AAAKAK,3067350.0
Dypracet 20mg/500mg tablets,0407010N0AAAHAH,33670.0
Oxycodone 20mg tablets,0407020ADAAAVAV,288240.0
Instanyl 100micrograms/dose nasal spray,0407020A0AABJBJ,288.0
Dihydrocodeine 30mg/5ml oral solution,0407020G0AAAMAM,4380.0
Hydromorphone 50mg/1ml solution for injection ampoules,040702050AAAPAP,22500.0
Paracet/Dihydrocodeine_Tab 500mg/30mg,0407010N0AAAIAI,23738253.0
Matrifen_Patch 25mcg/hr,0407020A0AAAEAE,361215720.0
Fentanyl_Tab Sublingual 100mcg S/F,0407020A0AAAWAW,3262649.0
Morph Sulf_Inj 60mg/2ml Amp,0407020Q0AAAMAM,2968200.0
Oxylan_Tab 5mg M/R,0407020ADAAAKAK,26480.0
Minjet_Morph Sulf 1mg/ml 10ml Pfs,0407020Q0AAFJFJ,30.0
Co-codamol 30mg/500mg tablets,0407010F0AAAHAH,14303089179.0
Bunov 5micrograms/hour transdermal patches,0407020B0AAAHAH,37839984.0
MST Continus 200mg tablets,0407020Q0AAAGAG,226841000.0
Tylex 30mg/500mg capsules,0407010F0AAADAD,127062717.0
Oxypro 60mg modified-release tablets,0407020ADAAAQAQ,51567720.0
Tramquel SR 200mg capsules,040702040AAAJAJ,3516980.0
Fentalis Reservoir 50micrograms/hour transdermal patches,0407020A0AAAFAF,9448200.0
Morphine tartrate 10mg/1ml / Cyclizine tartrate 50mg inj amp,040702020AAAAAA,531000.0
Leveraxo 20mg modified-release tablets,0407020ADAAAGAG,102400.0
Codeine 3mg/5ml linctus paediatric sugar free,0309010C0AAAEAE,150.0
Zomestine 80mg modified-release tablets,0407020ADAAAIAI,283360.0
Codasolve 8mg/500mg/30mg effervescent tablets,0407010X0AABNBN,25.6
Targinact_Tab 40mg/20mg M/R,0407020AFAAADAD,45849680.0
Tramadol/Paracet_Tab Eff 37.5/325mg S/F,040702040AABABA,3169593.75
Morphgesic SR_Tab 60mg,0407020Q0AAAIAI,72646260.0
Methadone HCl_Cap 40mg,0407020M0AABTBT,583080.0
Diamorph HCl_Liq Spec 1.25mg/5ml,0309010N0AAAIAI,25.0
Morph Sulf_Liq Spec 5mg/5ml,0407020Q0AADNDN,750.0
Codeine Phos_Liq Spec 30mg/5ml,0407020C0AAAPAP,1056.0
Shortec 5mg capsules,0407020ADAAACAC,426481380.0
MXL 30mg capsules,0407020Q0AAEGEG,18039180.0
Fentanyl 200microgram lozenges,0407020A0AAAIAI,47752484.0
Rapifen 1mg/2ml solution for injection ampoules,1501043A0AAABAB,183270.0
Generic Solpadeine Plus tablets,0407010X0AAAJAJ,715.2
Morphine sulfate 10mg/10ml inj pre-filled syringes,0407020Q0AAFJFJ,2454.0
Carexil 80mg modified-release tablets,0407020ADAAAIAI,123200.0
Morphine sulfate 20mg suppositories,0407020Q0AACRCR,38280.0
Myloxifin 5mg/2.5mg modified-release tablets,0407020AFAAACAC,840.0
Actiq_Loz 600mcg,0407020A0AAAKAK,1276704.0
Diconal_Tab,0407020H0AAABAB,5815830.0
Osmanil_Transdermal Patch 25mcg/hr,0407020A0AAAEAE,2055240.0
Hydromorphone HCl_Cap 8mg M/R,040702050AAACAC,7740480.0
Lynlor_Cap 5mg,0407020ADAAACAC,59180.0
Diamorph HCl_Liq Spec 320mg/5ml,0407020K0AAFEFE,147200.0
Rapifen_Inj 500mcg/ml 10ml Amp,1501043A0AAACAC,13860.0
Paracodol_Cap 8mg/500mg,0407010F0AAABAB,3180.8
Morph Sulf_Inj 10mg/2ml Amp,0407020Q0AABCBC,600.0
Morphine 200mg modified-release tablets,0407020Q0AAAGAG,65795200.0
Morphine 100mg modified-release tablets,0407020Q0AAAHAH,288141000.0
Dihydrocodeine 10mg/5ml oral solution,0407020G0AAAAAA,1294810.0000000002
Targinact 40mg/20mg modified-release tablets,0407020AFAAADAD,92611440.0
OxyNorm 20mg/2ml solution for injection ampoules,0407020ADAAAMAM,2466640.0
Zomestine 20mg modified-release tablets,0407020ADAAAGAG,1119440.0
Recivit 133microgram sublingual tablets,0407020A0AABXBX,8368.359999999999
Tramadol 50mg/5ml oral solution sugar free,040702040AABEBE,13460.0
Oxyargin 40mg/20mg modified-release tablets,0407020AFAAADAD,41440.0
OxyNorm_Liq Conc 10mg/1ml S/F,0407020ADAAABAB,90568140.0
Tylex_Tab Eff 30mg/500mg,0407010F0AAAFAF,16374225.0
Actiq_Loz 800mcg,0407020A0AAALAL,3523104.0
Methadone HCl_Inj 10mg/ml 5ml Amp,0407020M0AAANAN,5862540.0
Instanyl_Nsl Spy 50mcg (10D),0407020A0AABHBH,1768.0
Diamorph HCl_Liq Spec 5mg/5ml,0407020K0AADKDK,6745.0
Tapentadol 50mg modified-release tablets,0407020AGAAACAC,392028400.0
MST Continus 30mg tablets,0407020Q0AAALAL,1372699020.0
Tramacet 37.5mg/325mg tablets,040702040AAAUAU,63068362.5
Tramulief SR 150mg tablets,040702040AAADAD,79410345.0
Tramquel SR 100mg capsules,040702040AAAHAH,3943320.0
Relevtec 52.5micrograms/hour transdermal patches,0407020B0AAAFAF,23995944.0
Effentora 200microgram buccal tablets,0407020A0AABDBD,10949436.0
Victanyl 50micrograms/hour transdermal patches,0407020A0AAAFAF,7948440.0
Oxylan 10mg modified-release tablets (Chanelle Medical),0407020ADAAAFAF,2956440.0
Bupramyl 10micrograms/hour transdermal patches,0407020B0AAAIAI,412440.0
Ultramol Soluble tablets,0407010X0AAAYAY,33390.4
Busiete 5micrograms/hour transdermal patches,0407020B0AAAHAH,122808.0
Zomestine 5mg modified-release tablets,0407020ADAAAKAK,46020.0
Marol 150mg modified-release tablets (Morningside),040702040AAADAD,658500.0
Codeine 30mg/5ml oral solution,0407020C0AAAPAP,360.0
Fentanyl_Transdermal Patch 100mcg/hr,0407020A0AAAHAH,1507577040.0
Dhc Continus_Tab 120mg,0407020G0AAAFAF,21702816.0
Tapentadol HCl_Tab 100mg M/R,0407020AGAAADAD,25076800.0
Co-Dydramol_Liq Spec 10mg/500mg/5ml,0407010N0AAACAC,88571.2
Oxeltra 60mg modified-release tablets,0407020ADAAAQAQ,47767320.0
Fentanyl 25micrograms/hour transdermal patches,0407020A0AAAEAE,1063992420.0
OxyContin 20mg modified-release tablets,0407020ADAAAGAG,410911040.0
OxyNorm liquid 5mg/5ml oral solution,0407020ADAAAAAA,334030530.0
Osmanil 100micrograms/hour transdermal patches,0407020A0AAAHAH,6053040.0
Mezolar Matrix_TransdermalPatch 75mcg/hr,0407020A0AAAGAG,39516660.0
Mabron_Tab 150mg M/R (Morningside),040702040AAADAD,654585.0
Dhc Continus_Tab 60mg,0407020G0AAADAD,33545586.0
Sevredol_Tab 50mg,0407020Q0AADRDR,79644400.0
Filnarine SR_Tab 30mg,0407020Q0AAALAL,11983470.0
Panadol Ultra_Tab 12.8mg/500mg,0407010F0AAAPAP,83838.72000000004
Morph Sulf_Gran Sach 200mg M/R,0407020Q0AADEDE,705000.0
Tilofyl_Patch 75mcg/hr,0407020A0AAAGAG,857520.0
Diamorph HCl_Liq Spec 3mg/5ml,0309010N0AAAJAJ,1338.0
Pethidine HCl_Cap 50mg,0407020V0AABFBF,1395.0
Oxeltra 10mg modified-release tablets,0407020ADAAAFAF,55024740.0
Solpadol 30mg/500mg effervescent tablets,0407010F0AAAFAF,278182824.0
Oxycodone 10mg capsules,0407020ADAAADAD,474510140.0
DF 118 Forte 40mg tablets,0407020G0AAAIAI,4409272.0
Yemex 50micrograms/hour transdermal patches,0407020A0AAAFAF,5849280.0
Reltebon 20mg modified-release tablets,0407020ADAAAGAG,107699120.0
Victanyl 75micrograms/hour transdermal patches,0407020A0AAAGAG,5925960.0
Fentanyl 800microgram lozenges,0407020A0AAALAL,54489344.0
Oxylan 40mg modified-release tablets (Chanelle Medical),0407020ADAAAHAH,3282000.0
Opiodur 50micrograms/hour transdermal patches (Pfizer),0407020A0AAAFAF,652320.0
Buprenorphine 300micrograms/1ml inj ampoules,0407020B0AAAAAA,2093220.0
Morcap SR 100mg capsules,0407020Q0AAEBEB,8800.0
Dihydrocodeine Tart_Tab 40mg,0407020G0AAAIAI,26173172.0
Migraleve_Pink Tab,0407041A0AAAGAG,8662235.200000003
Osmach_Transdermal Patch 25mcg/hr,0407020A0AAAEAE,285840.0
Oxycodone HCl_Tab 120mg M/R,0407020ADAAAPAP,103344000.0
Morph Sulph_Tab 100mg M/R,0407020Q0AAAHAH,199042900.0
Fentanyl_Tab Sublingual 800mcg S/F,0407020A0AABBBB,5033496.0
Diamorph HCl_Reefer 40mg,0407020K0AADCDC,192640.0
Abstral_Tab Sublingual 600mcg,0407020A0AABABA,3027414.0
Codeine Phos_Inj 30mg/ml 1ml Amp,0407020C0AAAHAH,3.0
Morcap SR_Cap 100mg,0407020Q0AAEBEB,9000.0
Carlosafine 35micrograms/hour transdermal patches,0407020B0AAAEAE,856464.0
Pentazocine 50mg capsules,0407020T0AAAAAA,17760148.0
Galcodine 15mg/5ml linctus,0309010C0AAADAD,1019875.2
Fentanyl 1.6mg lozenges,0407020A0AAAPAP,50314784.0
Buprenorphine_Patch 10mcg/hr (7day),0407020B0AAAIAI,797401248.0
Mst Continus_Tab 60mg,0407020Q0AAAIAI,741077460.0
Oxycodone HCl_Tab 40mg M/R,0407020ADAAAHAH,969725280.0
Pethidine HCl_Inj 50mg/ml 2ml Amp,0407020V0AAAEAE,5514408.0
Mezolar Matrix_TransdermalPatch 12mcg/hr,0407020A0AAAUAU,14450227.200000007
Morphgesic SR_Tab 30mg,0407020Q0AAALAL,82161330.0
Larapam SR_Tab 200mg,040702040AAAJAJ,333860.0
Emcozin 30mg/500mg tablets,0407010F0AAAHAH,13632003.0
Kapake 30mg/500mg tablets,0407010F0AAAHAH,123266121.0
Dihydrocodeine 90mg modified-release tablets,0407020G0AAAEAE,142002333.0
Palexia SR 100mg tablets,0407020AGAAADAD,23575800.0
MST Continus suspension 100mg granules sachets,0407020Q0AADDDD,11855200.0
Diamorphine 5mg powder for solution for injection vials,0407020K0AAEFEF,2143920.0
Oxycodone 5mg tablets,0407020ADAAATAT,277200.0
Morphine hydrochloride 10mg/5ml oral solution,0407020P0AAASAS,29800.0
Trapadex 37.5mg/325mg tablets,040702040AAAUAU,225.0
Morph Sulph_I/V Inf 100mg/50ml Pfs,0407020Q0AAFTFT,80.0
Myloxifin 10mg/5mg modified-release tablets,0407020AFAAAAAA,22400.0
Morphine hydrochloride 10mg/10ml inj pre-filled syringes,0407020P0AAAZAZ,140.0
Codeine Phos_Tab 15mg,0407020C0AAADAD,484047825.0
Marol_Tab 100mg M/R (Teva),040702040AAACAC,29004490.0
Pethidine HCl_Inj 50mg/ml 1ml Amp,0407020V0AAAAAA,6606216.0
Transtec_T/Derm Patch 35mcg/hr (20mg),0407020B0AAAEAE,126434112.0
Fentanyl_Loz 400mcg,0407020A0AAAJAJ,37485188.0
Oxycodone HCl/Naloxone HCl_Tab 10/5mgM/R,0407020AFAAAAAA,77247080.0
Oldaram_Tab 150mg M/R,040702040AAADAD,43140.0
Co-Proxamol_Liq Spec 32.5mg/325mg/5ml,0407010Q0AAADAD,260.0
Oxycodone 15mg modified-release tablets,0407020ADAAASAS,123274440.0
Palexia SR 250mg tablets,0407020AGAAAGAG,11411200.0
Pentazocine 25mg tablets,0407020T0AAABAB,9015198.0
Morphine sulfate 60mg/2ml solution for injection ampoules,0407020Q0AAAMAM,24475140.0
Opiodur 12micrograms/hour transdermal patches (RX Farma),0407020A0AAAUAU,212716.8
Oldaram 200mg modified-release tablets,040702040AAAEAE,68800.0
Fentanyl 200microgram buccal films sugar free,0407020A0AABTBT,120528.0
Tramadol HCl_Tab 100mg M/R,040702040AAACAC,673862170.0
Buprenorphine_Tab Subling 400mcg S/F,0407020B0AAADAD,166531104.0
Oxycodone HCl_Tab 30mg M/R,0407020ADAAARAR,126202860.0
Morphgesic SR_Tab 100mg,0407020Q0AAAHAH,50505700.0
Zamadol SR_Cap 150mg,040702040AAAIAI,4785555.0
Terpin & Codeine_Linct,0309020X0AAAAAA,49472.0
Fentanyl 37.5microgram/hour transdermal patches,0407020A0AABWBW,285539580.0
Invodol SR 200mg tablets,040702040AAAEAE,1363760.0
Renocontin 60mg modified-release tablets,0407020ADAAAQAQ,5807040.0
Yemex 75micrograms/hour transdermal patches,0407020A0AAAGAG,3480300.0
Leveraxo 5mg modified-release tablets,0407020ADAAAKAK,17170.0
Tapentadol 25mg modified-release tablets,0407020AGAAAIAI,44760.0
Dihydrocodeine Tart_Tab 90mg M/R,0407020G0AAAEAE,69076539.0
OxyContin_Tab 10mg M/R,0407020ADAAAFAF,285821320.0
Morph Sulph_Cap 10mg M/R,0407020Q0AAEFEF,125922230.0
Alfentanil HCl_Inj 500mcg/ml 10ml Amp,1501043A0AAACAC,313320.0
Tramadol HCl_Oral Dps 100mg/ml,040702040AABBBB,253000.0
Hydromorphone HCl_Cap 1.3mg,040702050AAAEAE,3061168.5
Zeridame SR_Tab 100mg,040702040AAACAC,976950.0
Morph Sulph_Liq Spec 1g/5ml,0407020Q0AAERER,200000.0
OxyContin 5mg modified-release tablets,0407020ADAAAKAK,41920880.0
Tapentadol 100mg modified-release tablets,0407020AGAAADAD,528685640.0
Cyclimorph 10 solution for injection 1ml ampoules,040702020AAAAAA,1985520.0
Hydromorphone 16mg modified-release capsules,040702050AAAAAA,15811520.0
Maneo 200mg modified-release tablets,040702040AAAEAE,934500.0
Fentanyl 400micrograms/dose nasal spray,0407020A0AABPBP,8054400.0
Paracodol 8mg/500mg capsules,0407010F0AAABAB,1736.0
Oxycodone HCl_Oral Soln 10mg/1ml S/F,0407020ADAAABAB,109967340.0
Diamorph HCl_Liq Spec 10mg/5ml,0407020K0AADIDI,34440.0
Codeine Phos_Liq Spec 5mg/5ml,0407020C0AAAXAX,180.0
Co-codamol 15mg/500mg tablets,0407010F0AAAKAK,1527263844.0
Morphine 10mg modified-release tablets,0407020Q0AAAKAK,784060970.0
Fentanyl 50micrograms/dose nasal spray,0407020A0AABHBH,16832.0
Morphine sulfate 10mg/5ml soln unit dose vials sugar free,0407020Q0AAGBGB,1066.0
Carexil 40mg modified-release tablets,0407020ADAAAHAH,80800.0
Diamorphine 50mg impregnated cigarettes,0407020K0AADLDL,19200.0
Medocodene_Tab Eff 30mg/500mg,0407010F0AAAFAF,252.0
Morph Sulf_Tab 30mg M/R,0407020Q0AAALAL,122884410.0
Pentazocine HCl_Cap 50mg,0407020T0AAAAAA,15391648.5
PecFent_Nsl Spy 100mcg (8D),0407020A0AABJBJ,212048.0
Zydol SR_Tab 150mg,040702040AAADAD,7283220.0
Marol_Tab 150mg M/R,040702040AAADAD,13160040.0
Pethidine HCl_Liq Spec 25mg/5ml,0407020V0AAARAR,930.0
Instanyl_Nsl Spy 200mcg (10D),0407020A0AABLBL,2304.0
Fencino 12micrograms/hour transdermal patches,0407020A0AAAUAU,311947286.39999974
Durogesic DTrans 50micrograms/hour transdermal patches,0407020A0AAAFAF,702806040.0
Dihydrocodeine 40mg tablets,0407020G0AAAIAI,43693732.0
Abtard 5mg modified-release tablets,0407020ADAAAKAK,4949880.0
Cynril 200microgram loz with integral oromucosal applicator,0407020A0AAAIAI,507286.0
Zamadol 24hr 400mg modified-release tablets,040702040AAANAN,5296560.0
Fentanyl 400microgram sublingual tablets sugar free,0407020A0AAAZAZ,7738640.0
Prenotrix 52.5micrograms/hour transdermal patches,0407020B0AAAFAF,394128.0
Morphine hydrochloride 30mg suppositories,0407020P0AAACAC,7380.0
Opiodur 12micrograms/hour transdermal patches (Pfizer),0407020A0AAAUAU,172367.99999999997
Diamorph HCl_Reefer 120mg,0407020K0AAEVEV,6720.0
Morphine sulfate 2mg/10ml solution for injection ampoules,0407020Q0AAAAAA,54.0
Larapam SR 150mg tablets,040702040AAADAD,19320.0
Diamorph HCl_Liq Spec 200mg/5ml,0407020K0AAEQEQ,8000.0
Diocalm Dual Action chewable tablets,0104020N0AAACAC,2.765
Ibuprofen 300mg modified-release / Codeine 20mg tablets,1001010J0AAARAR,224.00000000000003
Buprenorphine_Patch 20mcg/hr (7day),0407020B0AAAJAJ,884310672.0
Oxycodone HCl_Cap 10mg,0407020ADAAADAD,324168400.0
Zydol_Cap 50mg,040702040AAAAAA,15116440.0
Matrifen_Patch 50mcg/hr,0407020A0AAAFAF,439649640.0
Matrifen_Patch 12mcg/hr,0407020A0AAAUAU,146952143.99999994
OxyNorm_Inj 10mg/ml 2ml Amp,0407020ADAAAMAM,2633440.0
Morph Sulf_Cap 200mg M/R,0407020Q0AAEIEI,13744200.0
Morph HCl_Liq Spec 100mg/5ml,0407020P0AAAPAP,59600.0
Hydromorphone HCl_Cap 2mg M/R,040702050AAAFAF,2498630.0
Oramorph UDV_Oral Soln 100mg/5ml S/F,0407020Q0AACUCU,2400.0
Paracodol_Tab Eff 8mg/500mg,0407010F0AAACAC,80.0
Butec 10micrograms/hour transdermal patches,0407020B0AAAIAI,1492886640.0
Matrifen 12micrograms/hour transdermal patches,0407020A0AAAUAU,685362470.4000001
Co-dydramol 20mg/500mg tablets,0407010N0AAAHAH,65344216.0
Longtec 80mg modified-release tablets,0407020ADAAAIAI,1482005760.0
Oxycodone 20mg / Naloxone 10mg modified-release tablets,0407020AFAAABAB,191739120.0
Oxycodone 10mg / Naloxone 5mg modified-release tablets,0407020AFAAAAAA,118410800.0
Morphine sulfate 20mg/1ml solution for injection ampoules,0407020Q0AAAFAF,48863400.0
Morph HCl_Liq Spec 15mg/5ml,0407020P0AAAXAX,900.0
Dihydrocodeine 50mg/1ml solution for injection ampoules,0407020G0AAABAB,30690.0
Opiodur 100micrograms/hour transdermal patches (Pfizer),0407020A0AAAHAH,637920.0
Codeine 60mg/1ml solution for injection ampoules,0407020C0AAAAAA,53286.0
Pentazocine 50mg suppositories,0407020U0AAABAB,1813.0
Mst Continus_Tab 30mg,0407020Q0AAALAL,913266330.0
Solpadol_Capl 30mg/500mg,0407010F0AAAHAH,118491648.0
Mst Continus_Tab 100mg,0407020Q0AAAHAH,503654400.0
Effentora_Tab Buccal 200mcg,0407020A0AABDBD,1971288.0
Tramadol HCl_Tab 400mg M/R,040702040AAANAN,24936480.0
Zydol XL_Tab 300mg,040702040AAAMAM,1233660.0
Morph Sulph_Liq Spec 20mg/5ml,0407020Q0AADYDY,95880.0
Zapain 30mg/500mg tablets,0407010F0AAAHAH,7979135319.0
Butec 15micrograms/hour transdermal patches,0407020B0AAAKAK,501823980.0
Oxycodone 20mg modified-release tablets,0407020ADAAAGAG,907403840.0
Longtec 120mg modified-release tablets,0407020ADAAAPAP,425705280.0
Buprenorphine 15micrograms/hour transdermal patches,0407020B0AAAKAK,187122348.0
Mabron 100mg modified-release tablets (Teva),040702040AAACAC,1893810.0
Oxeltra 80mg modified-release tablets,0407020ADAAAIAI,56205760.0
Zamadol 24hr 200mg modified-release tablets,040702040AAAEAE,4384120.0
Zytram SR 75mg tablets,040702040AAAPAP,18997.5
Onexila XL 10mg tablets,0407020ADAAAFAF,149220.0
Diamorphine 30mg powder for solution for injection vials,0407020K0AAEMEM,4986720.0
Opiodur 100micrograms/hour transdermal patches (Zentiva),0407020A0AAAHAH,1399680.0
Dromadol SR 100mg tablets,040702040AAACAC,5440.0
Co-Proxamol_Tab 32.5mg/325mg,0407010Q0AAAAAA,243676680.0
Morph Sulph_Inj 15mg/1ml Amp,0407020Q0AAACAC,4069350.0
Morph Sulf_Cap 150mg M/R,0407020Q0AADWDW,3989400.0
Kaolin & Morph_Mix,0104020N0AAABAB,605559.6307999997
Morph Sulph_Cap 90mg M/R,0407020Q0AADUDU,16094160.0
Palexia_Tab 50mg,0407020AGAAAAAA,2061920.0
Codipar_Tab Eff 15mg/500mg,0407010F0AAAWAW,86173.5
Mst Continus_Susp Gran Sach 100mg,0407020Q0AADDDD,6958500.0
Fentanyl_Loz 1.6mg,0407020A0AAAPAP,27023984.0
Papaveretum_Inj 40mg/ml 1ml Amp,0407020ABAAAKAK,63480.0
Maxitram SR 50mg capsules,040702040AAAGAG,31426705.0
Alfentanil 5mg/1ml solution for injection ampoules,1501043A0AAADAD,57557700.0
Co-codaprin 8mg/400mg dispersible tablets,0407010M0AAABAB,210490.40000000002
Dromadol XL_Tab 200mg,040702040AAAEAE,600.0
Ationdo SR 25mg tablets,0407020AGAAAIAI,120.00000000000001
MXL_Cap 90mg,0407020Q0AADUDU,17082630.0
Tapentadol HCl_Tab 75mg,0407020AGAAABAB,2081550.0
Durogesic_Transdermal Patch 25mcg,0407020A0AAAEAE,80100.0
Zeridame SR_Tab 150mg,040702040AAADAD,94575.0
Physeptone_Inj 25mg/ml 2ml Amp,0407020M0AAA6A6,304650.0
Methadone HCl_Inj 17.5mg/ml 2ml Amp,0407020M0AABHBH,10290.0
Candox_Tab 20mg M/R,0407020ADAAAGAG,1120.0
Zydol SR 50mg tablets,040702040AAAYAY,13720580.0
Zamadol SR 200mg capsules,040702040AAAJAJ,17731140.0
Methadone 10mg/1ml solution for injection ampoules,0407020M0AAAVAV,19450500.0
Fentanyl 1.2mg lozenges,0407020A0AAANAN,20920536.0
Zytram SR 100mg tablets,040702040AAACAC,344160.0
Mylafent 12micrograms/hour transdermal patches,0407020A0AAAUAU,104544.0
Osmanil 75micrograms/hour transdermal patches,0407020A0AAAGAG,5240160.0
Rapifen Intensive Care 5mg/1ml inj ampoules,1501043A0AAADAD,766200.0
OxyNorm_Oral Soln 5mg/5ml S/F,0407020ADAAAAAA,100526902.0
Durogesic DTrans_T/Derm Patch 50mcg,0407020A0AAAFAF,440283960.0
Fentanyl_Tab Buccal 200mcg S/F,0407020A0AABDBD,7039152.0
Morph Sulf_Tab 5mg M/R,0407020Q0AACGCG,5708140.0
Palladone-SR_Cap 8mg,040702050AAACAC,3714440.0
Palladone_Cap 1.3mg,040702050AAAEAE,954414.5
Mabron_Tab 200mg M/R (Morningside),040702040AAAEAE,1902660.0
Reletrans 20micrograms/hour transdermal patches,0407020B0AAAJAJ,134514576.0
Oxypro 15mg modified-release tablets,0407020ADAAASAS,20096160.0
Alfentanil 5mg/10ml solution for injection ampoules,1501043A0AAACAC,650490.0
Zydol SR 150mg tablets,040702040AAADAD,9636570.0
Tramadol 100mg/ml oral drops,040702040AABBBB,921100.0
Onexila XL 40mg tablets,0407020ADAAAHAH,491920.0
Ixyldone 60mg modified-release tablets,0407020ADAAAQAQ,233520.0
Zytram SR 200mg tablets,040702040AAAEAE,175400.0
Opiodur 75micrograms/hour transdermal patches (Pfizer),0407020A0AAAGAG,601020.0
Morphine 20mg modified-release capsules,0407020Q0AADZDZ,600.0
Co-Codamol_Cap 15mg/500mg,0407010F0AAAVAV,30200701.5
OxyNorm_Cap 20mg,0407020ADAAAEAE,268601320.0
Transtec_T/Derm Patch 70mcg/hr (40mg),0407020B0AAAGAG,169243872.0
Morph Sulph_Inj 1mg/ml 10ml Pfs,0407020Q0AAFJFJ,20832.0
Oxylan_Tab 20mg M/R,0407020ADAAAGAG,324800.0
Palexia_SR Tab 250mg,0407020AGAAAGAG,1195500.0000000002
Effentora_Tab Buccal 800mcg,0407020A0AABGBG,5241744.0
Longtec 5mg modified-release tablets,0407020ADAAAKAK,242510840.0
Tramadol 37.5mg / Paracetamol 325mg tablets,040702040AAAUAU,225861262.5
Tapentadol 75mg tablets,0407020AGAAABAB,30134460.0
Tramquel SR 50mg capsules,040702040AAAGAG,1238070.0
Diamorphine 20mg impregnated cigarettes,0407020K0AAEUEU,120400.0
Oxylan 20mg modified-release tablets (Actavis),0407020ADAAAGAG,5600.0
Durogesic DTrans_T/Derm Patch 75mcg,0407020A0AAAGAG,374702760.0
Morph Sulf_Conc Soln 20mg/ml S/F,0407020Q0AAA6A6,21234060.0
Oxycodone HCl_Inj 10mg/ml 1ml Amp,0407020ADAAALAL,33987680.0
Tramadol HCl_Tab 50mg M/R,040702040AAAYAY,53984390.0
Alfentanil HCl_Inj 5mg/ml 1ml Amp,1501043A0AAADAD,18614700.0
Hydromorphone HCl_Cap 2.6mg,040702050AAADAD,8907015.0
Palladone-SR_Cap 24mg,040702050AAABAB,4159800.0
Dypracet_Tab 30mg/500mg,0407010N0AAAIAI,28098.000000000004
Diamorph HCl_Liq Spec 30mg/5ml,0407020K0AAEAEA,1080.0
Morph Sulph_Inj 5mg/10ml Amp,0407020Q0AAA8A8,654.0
MST Continus 60mg tablets,0407020Q0AAAIAI,1194834120.0
Abstral 100microgram sublingual tablets,0407020A0AAAWAW,10198058.0
Morphine sulfate 5mg/5ml solution for injection ampoules,0407020Q0AAFZFZ,31066.0
Abstral 200microgram sublingual tablets,0407020A0AAAXAX,14684982.0
Zamadol 50mg capsules,040702040AAAAAA,2911290.0
Shortec 10mg/ml concentrate oral solution,0407020ADAAABAB,25594740.0
Panitaz 10micrograms/hour transdermal patches,0407020B0AAAIAI,7012320.0
MXL 200mg capsules,0407020Q0AAEIEI,94359200.0
Hydromorphone 2mg modified-release capsules,040702050AAAFAF,4101490.0
Oramorph UDV_Oral Soln 30mg/5ml S/F,0407020Q0AACTCT,360.0
Kapake 15mg/500mg tablets,0407010F0AAAKAK,1430779.5
Pethidine 100mg/10ml solution for injection ampoules,0407020V0AAALAL,475.20000000000005
Co-Codamol_Cap 30mg/500mg,0407010F0AAADAD,1663183881.0
Mabron_Tab 100mg M/R (Morningside),040702040AAACAC,3440380.0
Methadone HCl_Inj 10mg/ml 1ml Amp,0407020M0AAAVAV,17135220.0
OxyContin_Tab 80mg M/R,0407020ADAAAIAI,535122560.0
Oxycodone HCl/NaloxoneHCl_Tab 20/10mgM/R,0407020AFAAABAB,109405400.0
Marol_Tab 200mg M/R (Teva),040702040AAAEAE,23547700.0
Morph Sulf_Inj 30mg/1ml Amp,0407020Q0AAADAD,11908980.0
Effentora_Tab Buccal 600mcg,0407020A0AABFBF,945864.0
Larapam SR_Tab 150mg,040702040AAAIAI,163890.0
Paracet/Dihydrocod_Tab Sol 500mg/7.46mg,0407010N0AAAKAK,5512.940000000002
Kapake_Tab Eff 30mg/500mg,0407010F0AAAFAF,7920.0
Morph HCl_Suppos 30mg,0407020P0AAACAC,1200.0
Co-codamol 30mg/500mg capsules,0407010F0AAADAD,4634642433.0
OxyContin 40mg modified-release tablets,0407020ADAAAHAH,377331920.0
Tapentadol 250mg modified-release tablets,0407020AGAAAGAG,196348500.0
Abstral 800microgram sublingual tablets,0407020A0AABBBB,15018640.0
Buplast 35micrograms/hour transdermal patches,0407020B0AAAEAE,1673952.0
Fentalis Reservoir 25micrograms/hour transdermal patches,0407020A0AAAEAE,5821380.0
Tilofyl 75micrograms/hour transdermal patches,0407020A0AAAGAG,595620.0
Methadone 30mg capsules,0407020M0AABIBI,1610820.0
Myloxifin 40mg/20mg modified-release tablets,0407020AFAAADAD,53760.0
Diamorphine 40mg impregnated cigarettes,0407020K0AADCDC,234080.0
Morphine sulfate 20mg/2ml solution for injection ampoules,0407020Q0AADIDI,3000.0
Diamorph HCl_Inj 30mg Vl (Dry),0407020K0AAEMEM,3607920.0
Morph Sulph_Tab 30mg M/R,0407020Q0AAALAL,454870320.0
Morph Sulph_Gran Sach 100mg M/R,0407020Q0AADDDD,5338400.0
Filnarine SR_Tab 60mg,0407020Q0AAAIAI,9495300.0
Morph Sulf_Liq Spec 2mg/5ml,0407020Q0AAFFFF,20.0
Morph Sulph_Inj 5mg/1ml Amp,0407020Q0AAA2A2,1950.0
Morph Sulph_Liq Spec 50mg/5ml,0407020Q0AADKDK,3000.0
Zomorph 60mg modified-release capsules,0407020Q0AAEHEH,3385317900.0
Tramadol 200mg modified-release capsules,040702040AAAJAJ,585587340.0
Targinact 10mg/5mg modified-release tablets,0407020AFAAAAAA,67193000.0
Morphine 20mg tablets,0407020Q0AACECE,186895040.0
Fencino 50micrograms/hour transdermal patches,0407020A0AAAFAF,837248400.0
Yemex 12micrograms/hour transdermal patches,0407020A0AAAUAU,1460159.9999999998
Tilodol SR 200mg tablets,040702040AAAEAE,505160.0
Invodol SR 150mg tablets,040702040AAADAD,632610.0
Morphine sulfate 15mg suppositories,0407020Q0AAGDGD,155445.0
Boots Ibuprofen and Codeine 200mg/12.8mg tablets,1001010J0AAAYAY,163.84000000000003
Zydol SR_Tab 50mg,040702040AAAYAY,2145065.0
Morph Sulph_Cap 30mg M/R,0407020Q0AAEGEG,174764190.0
OxyContin_Tab 40mg M/R,0407020ADAAAHAH,512442240.0
Methadone HCl_Linct 2mg/5ml,0309010S0AAAAAA,894751.2000000002
Abstral_Tab Sublingual 400mcg,0407020A0AAAZAZ,3056040.0
Osmanil_Transdermal Patch 100mcg/hr,0407020A0AAAHAH,4442400.0
Physeptone_Inj 10mg/ml 2ml Amp,0407020M0AAA3A3,221460.0
Morph HCl_Liq Spec 20mg/5ml,0407020P0AAAYAY,4800.0
Tilodol SR_Tab 150mg,040702040AAADAD,4320.0
Longtec 60mg modified-release tablets,0407020ADAAAQAQ,683520600.0
DHC Continus 120mg tablets,0407020G0AAAFAF,30306168.0
OxyNorm 5mg capsules,0407020ADAAACAC,123774730.0
Oxycodone 5mg capsules,0407020ADAAACAC,301268360.0
Targinact 20mg/10mg modified-release tablets,0407020AFAAABAB,116365800.0
Transtec 70micrograms/hour transdermal patches,0407020B0AAAGAG,505745184.0
OxyNorm 10mg capsules,0407020ADAAADAD,222191740.0
Fentanyl 100microgram buccal tablets sugar free,0407020A0AABCBC,12517848.0
Abstral 300microgram sublingual tablets,0407020A0AAAYAY,5706987.0
Palladone SR 4mg capsules,040702050AAAGAG,2921560.0
Fentalis Reservoir 100micrograms/hour transdermal patches,0407020A0AAAHAH,9917280.0
Morphine sulfate 5mg/5ml oral solution,0407020Q0AADNDN,9810.0
Pethidine 50mg/5ml solution for injection ampoules,0407020V0AAAPAP,770.4000000000001
Dihydrocodeine Tart_Tab 60mg M/R,0407020G0AAADAD,211101312.0
Fentanyl_Loz 200mcg,0407020A0AAAIAI,26899574.0
Pethidine HCl_Tab 50mg,0407020V0AAACAC,46909540.0
Mst Continus_Tab 200mg,0407020Q0AAAGAG,203651400.0
Morph Sulph_Liq Spec 5mg/5ml,0407020Q0AADNDN,11460.0
Codeine Phos_Suppos 30mg,0407020C0AAASAS,828.0000000000001
Oxycodone 5mg/5ml oral solution sugar free,0407020ADAAAAAA,1007907056.0
DHC Continus 90mg tablets,0407020G0AAAEAE,12464559.0
Panitaz 5micrograms/hour transdermal patches,0407020B0AAAHAH,2036076.0
Actiq 600microgram loz with integral oromucosal applicator,0407020A0AAAKAK,7021092.0
Fentanyl 600microgram sublingual tablets sugar free,0407020A0AABABA,6545994.0
Tramadol 50mg/5ml oral suspension,040702040AAAZAZ,84800.0
Diamorphine 100mg/5ml oral solution,0407020K0AADXDX,1290460.0
Mylafent 25micrograms/hour transdermal patches,0407020A0AAAEAE,214560.0
Generic Ultramol Soluble tablets sugar free,0407010X0AAAYAY,134.4
Co-Codamol_Tab 15mg/500mg,0407010F0AAAKAK,527429856.0
Fentalis Reservoir_T/Derm Patch100mcg/hr,0407020A0AAAHAH,15315840.0
DF 118 Fte_Tab 40mg,0407020G0AAAIAI,3673416.0
Tramulief SR_Tab 100mg,040702040AAACAC,44338100.0
Co-Dydramol_Oral Susp 10mg/500mg/5ml,0407010N0AAAGAG,69187.6
Longtec_Tab 20mg M/R,0407020ADAAAGAG,18895080.0
Morph Sulf_Gran Sach 100mg M/R,0407020Q0AADDDD,1285700.0
Diamorph HCl_Liq Spec 180mg/5ml,0407020K0AADVDV,239400.0
Synastone_Inj 10mg/ml 1ml Amp,0407020M0AAAVAV,12240.0
Zomorph 10mg modified-release capsules,0407020Q0AAEFEF,3733358430.0
Tramadol 50mg soluble tablets sugar free,040702040AAAFAF,66622445.0
Morphine 150mg modified-release capsules,0407020Q0AADWDW,31977900.0
Cynril 800microgram loz with integral oromucosal applicator,0407020A0AAALAL,679536.0
Morphine 200mg modified-release granules sachets sugar free,0407020Q0AADEDE,2559600.0
Oldaram 150mg modified-release tablets,040702040AAADAD,16980.0
Fentanyl_Transdermal Patch 75mcg/hr,0407020A0AAAGAG,815074920.0
Tramulief SR_Tab 150mg,040702040AAADAD,9715680.0
Tapentadol HCl_Tab 200mg M/R,0407020AGAAAFAF,15054400.0
Methadone HCl_Cap 10mg,0407020M0AAAKAK,19440.0
Lynlor_Cap 20mg,0407020ADAAAEAE,324000.0
Diamorph HCl_Cap 100mg,0407020K0AACZCZ,1541400.0
Zydol_Inj 50mg/ml 2ml Amp,040702040AAABAB,150.0
Co-Codamol_Liq Spec 8mg/500mg/5ml,0407010F0AAASAS,64.0
Morphine sulfate 10mg/5ml oral solution,0407020Q0AACNCN,5817576240.0
Durogesic DTrans 12micrograms/hour transdermal patches,0407020A0AAAUAU,156947155.20000002
Buprenorphine 35micrograms/hour transdermal patches,0407020B0AAAEAE,770895216.0
Methadone 100mg capsules,0407020M0AABMBM,8287800.0
Pethidine HCl_Liq Spec 10mg/5ml,0407020V0AABABA,70.0
Filnarine SR 30mg tablets,0407020Q0AAALAL,6123840.0
Nubain 10mg/1ml solution for injection ampoules,0407020Y0AAAAAA,40.0
Morphine hydrochloride 5mg/5ml inj ampoules,0407020P0AABCBC,312.0
Tramake 50mg capsules,040702040AAAAAA,500.0
Recivit 533microgram sublingual tablets,0407020A0AABYBY,11086.400000000001
Morph Sulph_Tab 10mg M/R,0407020Q0AAAKAK,286827060.0
Tramadol HCl_Cap 200mg M/R,040702040AAAJAJ,456431440.0
Zapain_Capl 30mg/500mg,0407010F0AAAHAH,467972988.0
Diamorph HCl_Inj 30mg Amp,0407020K0AAAEAE,331453350.0
Targinact_Tab 20mg/10mg M/R,0407020AFAAABAB,65302880.0
Longtec 30mg modified-release tablets,0407020ADAAARAR,793639080.0
Remedeine tablets,0407010N0AAAHAH,31942844.0
MST Continus 100mg tablets,0407020Q0AAAHAH,683207100.0
Reltebon 15mg modified-release tablets,0407020ADAAASAS,13565550.0
Marol 150mg modified-release tablets (Teva),040702040AAADAD,200149245.0
Oxeltra 20mg modified-release tablets,0407020ADAAAGAG,80852440.0
Oxycodone 120mg modified-release tablets,0407020ADAAAPAP,266082480.0
Morphine sulfate 1mg/1ml solution for injection ampoules,0407020Q0AAA4A4,9646.0
Tramadol 100mg/2ml solution for injection ampoules,040702040AAABAB,1719750.0
Skudexa 75mg/25mg tablets,040702040AABDBD,300.0
Recivit 400microgram sublingual tablets,0407020A0AAAZAZ,34320.0
OxyContin_Tab 20mg M/R,0407020ADAAAGAG,484624760.0
Codipar_Tab 15mg/500mg,0407010F0AAAKAK,2764429.5
Maxitram SR_Cap 50mg,040702040AAAGAG,4147875.0
Zydol XL_Tab 200mg,040702040AAAEAE,1662680.0
Morph Sulf_Gran Sach 30mg M/R,0407020Q0AACPCP,1849620.0
Methadone HCl_Cap 30mg,0407020M0AABIBI,1900080.0
Codeine Phos_Linct Paed 3mg/5ml,0309010C0AAACAC,549.0
Durogesic_Transdermal Patch 75mcg,0407020A0AAAGAG,62100.0
Morph HCl_Liq Spec 25mg/5ml,0407020P0AAATAT,24000.0
Diamorph HCl_Liq Spec 25mg/5ml,0407020K0AADJDJ,9100.0
Tramadol HCl_Tab 75mg M/R,040702040AAAPAP,2100.0000000000005
Co-dydramol 10mg/500mg tablets,0407010N0AAAAAA,1713810981.0
Co-codamol 8mg/500mg effervescent tablets,0407010F0AAACAC,201742734.3999998
Tramadol 150mg modified-release capsules,040702040AAAIAI,181534140.0
BuTrans 20micrograms/hour transdermal patches,0407020B0AAAJAJ,640535952.0
Kaolin and Morphine mixture,0104020N0AAABAB,679949.0900000002
Effentora 400microgram buccal tablets,0407020A0AABEBE,12435120.0
MXL 120mg capsules,0407020Q0AADVDV,50739120.0
Opiodur 50micrograms/hour transdermal patches (RX Farma),0407020A0AAAFAF,532800.0
Morphine sulfate 50mg/5ml solution for injection ampoules,0407020Q0AAFWFW,2580.0
Tephine 400microgram sublingual tablets,0407020B0AAADAD,435288.0
Actiq 1.6mg lozenges with integral oromucosal applicator,0407020A0AAAPAP,10152480.0
Solpadeine Migraine Ibuprofen & Codeine tablets,1001010J0AAAYAY,1597.4400000000007
Generic J Collis Browne's tablets,0104020N0AAAFAF,8.399999999999999
Diamorphine 100mg capsules,0407020K0AACZCZ,35700.0
Fentanyl_Tab Sublingual 600mcg S/F,0407020A0AABABA,4473768.0
Gppe Tab_Migraleve Pink,0407041A0AAAGAG,25080.0
Buprenorphine_Inj 300mcg/ml 1ml Amp,0407020B0AAAAAA,3231360.0
Morph Sulf_Suppos 5mg,0407020Q0AABJBJ,60.0
Bunov 10micrograms/hour transdermal patches,0407020B0AAAIAI,68862696.0
Fentanyl 12micrograms/hour transdermal patches,0407020A0AAAUAU,481933756.79999965
Sevodyne 15micrograms/hour transdermal patches,0407020B0AAAKAK,7008372.0
Methadone 40mg capsules,0407020M0AABTBT,172800.0
Larapam SR 200mg tablets,040702040AAAEAE,8400.0
Oxycodone HCl_Tab 10mg M/R,0407020ADAAAFAF,483784320.0
Tramadol HCl_Cap 50mg,040702040AAAAAA,10230330620.0
Fentanyl_Nsl Spy 100mcg (10D),0407020A0AABJBJ,6672.0
Oxycodone HCl_Tab 5mg M/R,0407020ADAAAKAK,69827000.0
Morph Sulph_Inj 20mg/1ml Amp,0407020Q0AAAFAF,10023120.0
Victanyl_Transdermal Patch 100mcg/hr,0407020A0AAAHAH,4204800.0
Marol_Tab 150mg M/R (Teva),040702040AAADAD,6594750.0
Physeptone_Inj 50mg/ml 1ml Amp,0407020M0AAACAC,14526000.0
Zamadol 24hr_Tab 150mg,040702040AAADAD,1170495.0
Paracet/Dihydrocodeine_Tab 500mg/20mg,0407010N0AAAHAH,12232278.0
Tradorec XL_Tab 200mg,040702040AAAEAE,9358480.0
Morph Sulf_Cap 60mg M/R,0407020Q0AAEHEH,39250800.0
Actiq_Loz 1.6mg,0407020A0AAAPAP,7641088.0
Paramol Solb_Tab 500mg/7.46mg,0407010N0AAAKAK,1648.6599999999996
Minjet_Morph Sulph 1mg/ml 10ml Pfs,0407020Q0AAFJFJ,294.0
Eroset 500mg/10mg tablets,0407010N0AAAAAA,1949202.0
Mezolar Matrix 50micrograms/hour transdermal patches,0407020A0AAAFAF,436223520.0
OxyContin 30mg modified-release tablets,0407020ADAAARAR,157333560.0
Fentanyl 100microgram sublingual tablets sugar free,0407020A0AAAWAW,7421167.0
Oxycodone 40mg / Naloxone 20mg modified-release tablets,0407020AFAAADAD,155343680.0
Yemex 25micrograms/hour transdermal patches,0407020A0AAAEAE,4230900.0
Hydromorphone 1.3mg capsules,040702050AAAEAE,8234239.0
Opiodur 50micrograms/hour transdermal patches (Zentiva),0407020A0AAAFAF,1161000.0
Rebrikel 10micrograms/hour transdermal patches,0407020B0AAAIAI,21504.0
Morphine hydrochloride 10mg suppositories,0407020P0AAAQAQ,9620.0
Oramorph_Oral Soln 10mg/5ml,0407020Q0AACNCN,1233758566.0
Morph Sulph_Conc Soln 20mg/ml S/F,0407020Q0AAA6A6,79662320.0
Tramadol HCl_Orodisper Tab 50mg,040702040AAATAT,18446115.0
Co-Codaprin Disper_Tab 8mg/400mg,0407010M0AAABAB,506372.7999999999
Osmach_Transdermal Patch 75mcg/hr,0407020A0AAAGAG,691200.0
Fentanyl_Tab Sublingual 300mcg S/F,0407020A0AAAYAY,1318161.0
Aceon_Tab 100mg M/R,040702040AAACAC,3530.0
Morph Sulph_Suppos 20mg,0407020Q0AACRCR,40360.0
Durogesic_Transdermal Patch 50mcg,0407020A0AAAFAF,77040.0
Diamorph HCl_Liq Spec 50mg/5ml,0407020K0AADGDG,500.0
Renocontin 20mg modified-release tablets,0407020ADAAAGAG,12426040.0
Tephine 200microgram sublingual tablets,0407020B0AAABAB,1082508.0
Bupramyl 20micrograms/hour transdermal patches,0407020B0AAAJAJ,436464.0
Fentanyl 300microgram sublingual tablets sugar free,0407020A0AAAYAY,3113136.0
Ixyldone 5mg modified-release tablets,0407020ADAAAKAK,36490.0
Diamorphine 500mg powder for solution for injection vials,0407020K0AAEIEI,16524000.0
Co-Dydramol_Tab 10mg/500mg,0407010N0AAAAAA,1145205459.0
Dihydrocodeine Tart_Tab 30mg,0407020G0AAACAC,1596212817.0
Marol_Tab 100mg M/R,040702040AAACAC,58538300.0
Tramadol HCl_Tab 200mg M/R,040702040AAAEAE,355260180.0
Fentalis Reservoir_T/Derm Patch 25mcg/hr,0407020A0AAAEAE,7738200.0
Targinact_Tab 5mg/2.5mg M/R,0407020AFAAACAC,9041540.0
Tramquel SR_Cap 200mg,040702040AAAJAJ,1305900.0
Morph Sulph_Tab 60mg M/R,0407020Q0AAAIAI,339879600.0
Morph Sulph_Liq Spec 60mg/5ml,0407020Q0AAESES,2520.0
Morph HCl_Suppos 10mg,0407020P0AAAQAQ,18020.0
Gppe Tab_Solpadeine,0407010X0AAAJAJ,854.4000000000002
Methadone HCl_Inj 40mg/ml 1ml Amp,0407020M0AABKBK,15120.0
Oxeltra 5mg modified-release tablets,0407020ADAAAKAK,17780170.0
Oxycodone 20mg capsules,0407020ADAAAEAE,524216520.0
Morphine sulfate 30mg/1ml solution for injection ampoules,0407020Q0AAADAD,132953400.0
Tramadol 300mg modified-release tablets,040702040AAAMAM,22385670.0
Fentanyl 400microgram buccal tablets sugar free,0407020A0AABEBE,33080184.0
Effentora 100microgram buccal tablets,0407020A0AABCBC,3943512.0
Morphine 200mg modified-release capsules,0407020Q0AAEIEI,88139400.0
Physeptone 10mg/1ml solution for injection ampoules,0407020M0AAAVAV,3733080.0
Opiodur 75micrograms/hour transdermal patches (RX Farma),0407020A0AAAGAG,420660.0
Temgesic 300micrograms/1ml solution for injection ampoules,0407020B0AAAAAA,196920.0
Durogesic 100micrograms transdermal patches,0407020A0AAAHAH,322560.0
Filnarine SR 100mg tablets,0407020Q0AAAHAH,950600.0
Co-Codamol_Tab 8mg/500mg,0407010F0AAAAAA,1087712295.2000012
Oxycodone HCl_Oral Soln 5mg/5ml S/F,0407020ADAAAAAA,162049490.0
Fentanyl_Loz 800mcg,0407020A0AAALAL,34766472.0
Zydol_Tab Solb 50mg,040702040AAAFAF,1886930.0
Tilofyl_Patch 50mcg/hr,0407020A0AAAFAF,1004760.0
Mabron_Tab 150mg M/R (Teva),040702040AAADAD,186420.0
Morph Sulph_Inj 4mg/10ml Amp,0407020Q0AAA5A5,33.6
Morphine 30mg modified-release capsules,0407020Q0AAEGEG,797724960.0
Shortec liquid 1mg/ml oral solution,0407020ADAAAAAA,54345418.0
Longtec 15mg modified-release tablets,0407020ADAAASAS,210472110.0
Buprenorphine 20micrograms/hour transdermal patches,0407020B0AAAJAJ,1559980464.0
Kapake 30mg/500mg capsules,0407010F0AAADAD,45583587.0
Morphine 60mg modified-release tablets,0407020Q0AAAIAI,676910160.0
Zamadol SR 50mg capsules,040702040AAAGAG,4917785.0
Sevredol 50mg tablets,0407020Q0AADRDR,149505100.0
Ixyldone 30mg modified-release tablets,0407020ADAAARAR,134400.0
Busiete 10micrograms/hour transdermal patches,0407020B0AAAIAI,247632.0
Morph Sulf_Cap 30mg M/R,0407020Q0AAEGEG,58091610.0
Solpadol_Tab Eff 30mg/500mg,0407010F0AAAFAF,156206442.0
Morph Sulph_Inj 10mg/1ml Amp,0407020Q0AAABAB,84915440.0
Dhc Continus_Tab 90mg,0407020G0AAAEAE,10123119.0
Zamadol 24hr_Tab 200mg,040702040AAAEAE,2875840.0
Morph Sulph_Cap 120mg M/R,0407020Q0AADVDV,16949280.0
Galcodine_Linct Paed 3mg/5ml S/F,0309010C0AAAEAE,9876.900000000001
Zamadol 24hr_Tab 300mg,040702040AAAMAM,1029570.0
Codeine Phos_Suppos 10mg,0407020C0AAALAL,118.0
Fencino 25micrograms/hour transdermal patches,0407020A0AAAEAE,757546740.0
Dihydrocodeine 60mg modified-release tablets,0407020G0AAADAD,396427596.0
Sevodyne 5micrograms/hour transdermal patches,0407020B0AAAHAH,36052296.0
Fencino 100micrograms/hour transdermal patches,0407020A0AAAHAH,1056583440.0
MST Continus suspension 30mg granules sachets,0407020Q0AACPCP,16299600.0
Bupeaze 52.5micrograms/hour transdermal patches,0407020B0AAAFAF,81970056.0
Palladone SR 24mg capsules,040702050AAABAB,4145400.0
Oxycodone_Suppos 30mg,0407020Z0AAAAAA,11700.0
Leveraxo 80mg modified-release tablets,0407020ADAAAIAI,62720.0
Diamorphine 30mg impregnated cigarettes,0407020K0AABFBF,7560.0
BuTrans_Transdermal Patch 20mcg/hr,0407020B0AAAJAJ,368361840.0
Oxycodone HCl/NaloxoneHCl_Tab 5/2.5mgM/R,0407020AFAAACAC,15631220.0
Matrifen_Patch 100mcg/hr,0407020A0AAAHAH,551826720.0
Palladone-SR_Cap 2mg,040702050AAAFAF,920710.0
Fentanyl_Tab Buccal 800mcg S/F,0407020A0AABGBG,8298000.0
Collis Browne's_Tab,0104020N0AAAFAF,329.0
Morph Sulph_Inj 10mg/ml 1ml Pfs,0407020Q0AAFCFC,28560.0
Morph Sulf_Inj 20mg/2ml Amp,0407020Q0AADIDI,1200.0
Morph Sulph_Inj 20mg/2ml Amp,0407020Q0AADIDI,70620.0
Morph HCl_Liq Spec 5mg/5ml,0407020P0AAARAR,2320.0
Tramadol 50mg modified-release tablets,040702040AAAYAY,198322915.0
Diamorphine 5mg powder for solution for injection ampoules,0407020K0AAAAAA,142387950.0
Morphgesic SR 100mg tablets,0407020Q0AAAHAH,72935000.0
Codipar 15mg/500mg capsules,0407010F0AAAVAV,4637067.0
Oxylan 20mg modified-release tablets (Chanelle Medical),0407020ADAAAGAG,4897280.0
Tilodol SR 150mg tablets,040702040AAADAD,100440.0
Opiodur 25micrograms/hour transdermal patches (Zentiva),0407020A0AAAEAE,650340.0
Zomestine 10mg modified-release tablets,0407020ADAAAFAF,1199160.0
Rhotard_Morph SR Tab 10mg,0407020Q0AAAKAK,560.0
Larapam SR 100mg tablets,040702040AAACAC,4930.0
Cynril 400microgram loz with integral oromucosal applicator,0407020A0AAAJAJ,293800.0
Palladone 50mg/1ml solution for injection ampoules,040702050AAAPAP,1000.0
Osmach 25micrograms/hour transdermal patches,0407020A0AAAEAE,3600.0
Transtec_T/Derm Patch 52.5mcg/hr (30mg),0407020B0AAAFAF,124017264.0
Fentalis Reservoir_T/Derm Patch 50mcg/hr,0407020A0AAAFAF,12362040.0
Morph Sulf_Tab 20mg,0407020Q0AACECE,19385200.0
Solpadol_Cap 30mg/500mg,0407010F0AAADAD,33983034.0
Maxitram SR_Cap 150mg,040702040AAAIAI,4111935.0
Medocodene_Cap 30mg/500mg,0407010F0AAADAD,24312.0
Dihydrocodeine Tart_Liq Spec 60mg/5ml,0407020G0AAARAR,2520.0
Diamorph HCl_Inj 15mg Amp,0407020K0AAACAC,3375.0
Fentanyl 50micrograms/hour transdermal patches,0407020A0AAAFAF,1209565440.0
Durogesic DTrans 100micrograms/hour transdermal patches,0407020A0AAAHAH,1273634640.0
MXL 90mg capsules,0407020Q0AADUDU,32441670.0
Fentanyl 100micrograms/dose nasal spray,0407020A0AABJBJ,734592.0
Methadone 2mg/5ml linctus,0309010S0AAAAAA,5940.0
Fentanyl 200micrograms/dose nasal spray,0407020A0AABLBL,104576.0
Diamorph HCl_Tab 10mg,0407020K0AACBCB,8556650.0
Tramadol HCl_Tab 150mg M/R,040702040AAADAD,107427915.0
Hydromorphone HCl_Cap 4mg M/R,040702050AAAGAG,4939740.0
MXL_Cap 200mg,0407020Q0AAEIEI,70884400.0
Oxycodone HCl_Tab 15mg M/R,0407020ADAAASAS,28133400.0
Maxitram SR_Cap 200mg,040702040AAAJAJ,8938580.0
Zydol SR_Tab 200mg,040702040AAAEAE,22111280.0
Tilofyl_Patch 25mcg/hr,0407020A0AAAEAE,743580.0
Dihydrocodeine Tart_Inj 50mg/ml 1ml Amp,0407020G0AAABAB,161130.0
Fentanyl_Nsl Spy 200mcg (10D),0407020A0AABLBL,55456.0
Methadone HCl_Inj 25mg/ml 2ml Amp,0407020M0AAA6A6,8680725.0
Morphine 10mg modified-release capsules,0407020Q0AAEFEF,718046940.0
Marol 100mg modified-release tablets (Teva),040702040AAACAC,818524760.0
Matrifen 25micrograms/hour transdermal patches,0407020A0AAAEAE,1543384620.0
Transtec 52.5micrograms/hour transdermal patches,0407020B0AAAFAF,415520280.0
Morphine 100mg modified-release capsules,0407020Q0AAEBEB,229767300.0
Codeine 15mg/5ml linctus sugar free,0309010C0AAADAD,42385585.800000004
Zydol 50mg capsules,040702040AAAAAA,25832250.0
Diconal tablets,0407020H0AAABAB,17390.0
Diamorphine 5mg/5ml oral solution,0407020K0AADKDK,10700.0
Distalgesic 32.5mg/325mg tablets,0407010Q0AAAAAA,2723.5
Methadone 20mg/1ml solution for injection ampoules,0407020M0AAA8A8,2520.0
Zomorph_Cap 10mg,0407020Q0AAEFEF,712231720.0
OxyNorm_Cap 10mg,0407020ADAAADAD,190555580.0
Pethidine HCl_Inj 10mg/ml 10ml Amp,0407020V0AAALAL,1317.6
Morph/Cyclizine_Inj 10mg/50mg 1ml Amp,040702020AAAAAA,376560.0
Osmanil_Transdermal Patch 12mcg/hr,0407020A0AAAUAU,480643.19999999995
Abstral_Tab Sublingual 100mcg,0407020A0AAAWAW,1391546.0
Fentalis Reservoir_T/Derm Patch 75mcg/hr,0407020A0AAAGAG,11817900.0
Mezolar Matrix_TransdermalPatch100mcg/hr,0407020A0AAAHAH,72467280.0
Tapentadol HCl_Tab 250mg M/R,0407020AGAAAGAG,10820500.0
Morph Sulf_Cap 90mg M/R,0407020Q0AADUDU,4206420.0
Marol 200mg modified-release tablets (Teva),040702040AAAEAE,631536400.0
Reletrans 15micrograms/hour transdermal patches,0407020B0AAAKAK,59561208.0
MST Continus suspension 20mg granules sachets,0407020Q0AACVCV,25409300.0
Renocontin 15mg modified-release tablets,0407020ADAAASAS,2404830.0
Tapentadol 20mg/ml oral solution sugar free,0407020AGAAAHAH,9743936.0
Fentanyl 200microgram sublingual tablets sugar free,0407020A0AAAXAX,11749114.0
Renocontin 5mg modified-release tablets,0407020ADAAAKAK,1867710.0
Co-dydramol 10mg/500mg/5ml oral solution,0407010N0AAACAC,17630.800000000003
Hydromorphone 24mg modified-release capsules,040702050AAABAB,15993840.0
Methadone 50mg/5ml solution for injection ampoules,0407020M0AAANAN,2432460.0
Tylex 30mg/500mg effervescent tablets,0407010F0AAAFAF,9367743.0
Zamadol 100mg/2ml solution for injection ampoules,040702040AAABAB,23265.0
Diamorphine 2mg/5ml oral solution,0309010N0AAAKAK,1388.0
Codeine 30mg suppositories,0407020C0AAASAS,2592.0
Buprenorphine_Patch 35mcg/hr (96hr),0407020B0AAAEAE,396166176.0
Fencino_Transdermal Patch 25mcg/hr,0407020A0AAAEAE,53439840.0
Morph Sulph_Suppos 10mg,0407020Q0AACQCQ,85220.0
Morph Sulph_Gran Sach 60mg M/R,0407020Q0AADCDC,5176920.0
Codeine Phos_Oral Soln 6.75mg/5ml,0407020C0AABABA,1080.0
Morph Sulf_Inj 100mg/50ml Vl,0407020Q0AAELEL,224.0
Diamorph HCl_Liq Spec 20mg/5ml,0407020K0AADFDF,8040.0
Codipar 15mg/500mg tablets,0407010F0AAAKAK,10147035.0
Zydol 50mg soluble tablets,040702040AAAFAF,3409330.0
Opiodur 12micrograms/hour transdermal patches (Zentiva),0407020A0AAAUAU,356918.39999999997
Carexil 10mg modified-release tablets,0407020ADAAAFAF,94920.0
Opiodur 75micrograms/hour transdermal patches (Zentiva),0407020A0AAAGAG,588600.0
Leveraxo 60mg modified-release tablets,0407020ADAAAQAQ,1680.0
Dihydrocodeine Tart_Tab 120mg M/R,0407020G0AAAFAF,125317176.0
Oxycodone HCl_Liq Spec 5mg/5ml,0407020ADAAAJAJ,17250.0
Tephine_Tab Subling 200mcg,0407020B0AAABAB,3528.0
Tramulief SR 200mg tablets,040702040AAAEAE,256212040.0
Durogesic DTrans 25micrograms/hour transdermal patches,0407020A0AAAEAE,452309580.0
Tramadol 400mg modified-release tablets,040702040AAANAN,31559280.0
Co-codamol 8mg/500mg effervescent tablets sugar free,0407010F0AABABA,223735.99999999997
Zydol XL 200mg tablets,040702040AAAEAE,3584980.0
Zeridame SR 150mg tablets,040702040AAADAD,164310.0
Dypracet 30mg/500mg tablets,0407010N0AAAIAI,49956.0
Diamorph HCl_Inj 5mg Vl (Dry),0407020K0AAEFEF,1573920.0
Fentanyl_Tab Sublingual 200mcg S/F,0407020A0AAAXAX,5899062.0
Palexia_SR Tab 50mg,0407020AGAAACAC,2879320.0
Fentanyl_Nsl Spy 400mcg (8D),0407020A0AABPBP,531328.0
Palexia_Tab 75mg,0407020AGAAABAB,534360.0
Hapoctasin_Patch 35mcg/hr,0407020B0AAAEAE,1344.0
Morphgesic SR 30mg tablets,0407020Q0AAALAL,240297420.0
Oxylan 5mg modified-release tablets (Chanelle Medical),0407020ADAAAKAK,936330.0
Reltebon 80mg modified-release tablets,0407020ADAAAIAI,112552160.0
Palladone 1.3mg capsules,040702050AAAEAE,1486303.0
Diamorphine 500mg powder for solution for injection ampoules,0407020K0AAAGAG,186795000.0
Oxyargin 20mg/10mg modified-release tablets,0407020AFAAABAB,33840.0
Diamorphine 2.5mg/5ml oral solution,0309010N0AAAHAH,200.0
Myloxifin 20mg/10mg modified-release tablets,0407020AFAAABAB,13440.0
Co-dydramol 7.46mg/500mg effervescent tablets sugar free,0407010N0AAAKAK,2922.8280000000004
Dolocodon PR 40mg tablets,0407020ADAAAHAH,31360.0
Synastone 10mg/1ml solution for injection ampoules,0407020M0AAAVAV,840.0
Codafen Continus tablets,1001010J0AAARAR,1680.0
Codeine Phos_Tab 30mg,0407020C0AAAEAE,2019332400.0
Fentanyl_Transdermal Patch 50mcg/hr,0407020A0AAAFAF,1170457560.0
Victanyl_Transdermal Patch 75mcg/hr,0407020A0AAAGAG,1443420.0
Tilodol SR_Tab 200mg,040702040AAAEAE,69980.0
Paracet/Dihydrocodeine_Tab 500mg/7.46mg,0407010N0AAAJAJ,3837.424
Codeine 15mg/5ml linctus,0309010C0AAAAAA,41849351.999999985
OxyNorm 10mg/ml concentrate oral solution,0407020ADAAABAB,161744560.0
Hapoctasin 35micrograms/hour transdermal patches,0407020B0AAAEAE,45339168.0
Hydromorphone 2.6mg capsules,040702050AAADAD,12613367.0
Abtard 20mg modified-release tablets,0407020ADAAAGAG,29382960.0
Hapoctasin 70micrograms/hour transdermal patches,0407020B0AAAGAG,48697824.0
Shortec 50mg/1ml solution for injection ampoules,0407020ADAAANAN,1656000.0
Physeptone 50mg/5ml solution for injection ampoules,0407020M0AAANAN,11760.0
Osmach 100micrograms/hour transdermal patches,0407020A0AAAHAH,25200.0
Zomorph_Cap 30mg,0407020Q0AAEGEG,1040505810.0
Buprenorphine_Patch 52.5mcg/hr (96hr),0407020B0AAAFAF,374698800.0
Morph Sulf_Suppos 10mg,0407020Q0AACQCQ,33540.0
Filnarine SR_Tab 10mg,0407020Q0AAAKAK,7751420.0
Morph Sulph_Gran Sach 200mg M/R,0407020Q0AADEDE,5348200.0
Diamorph HCl_Liq Spec 250mg/5ml,0407020K0AAFFFF,10000.0
Longtec 20mg modified-release tablets,0407020ADAAAGAG,1674427560.0
Yemex 100micrograms/hour transdermal patches,0407020A0AAAHAH,12404880.0
Morphine 100mg modified-release granules sachets sugar free,0407020Q0AADDDD,11994200.0
Tradorec XL 300mg tablets,040702040AAAMAM,4380570.0
Maneo 150mg modified-release tablets,040702040AAADAD,222795.0
Turgeon 52.5micrograms/hour transdermal patches,0407020B0AAAFAF,943488.0
Mylafent 50micrograms/hour transdermal patches,0407020A0AAAFAF,435600.0
Morphine sulfate 1mg/5ml oral solution,0407020Q0AAFHFH,240.0
Co-Codamol_Cap 8mg/500mg,0407010F0AAABAB,79429194.40000004
Mst Continus_Susp Gran Sach 20mg,0407020Q0AACVCV,9454340.0
Fentanyl_Tab Buccal 600mcg S/F,0407020A0AABFBF,2261844.0
Methadone HCl_Inj 10mg/ml 2ml Amp,0407020M0AAA3A3,4269780.0
Tilodol SR_Tab 100mg,040702040AAACAC,45940.0
Codeine Phos_Liq Spec 60mg/5ml,0407020C0AAAVAV,240.0
Reletrans 5micrograms/hour transdermal patches,0407020B0AAAHAH,57515136.0
Panitaz 20micrograms/hour transdermal patches,0407020B0AAAJAJ,9616320.0
OxyNorm 10mg/1ml solution for injection ampoules,0407020ADAAALAL,8895440.0
Aspirin 500mg / Codeine 8mg dispersible tablets sugar free,0407010W0AAADAD,145025.6
Papaveretum 30mg/1ml solution for injection ampoules,0407020ABAAAPAP,14400.0
Oxyargin 10mg/5mg modified-release tablets,0407020AFAAAAAA,9600.0
Oxylan_Tab 80mg M/R (Actavis UK Ltd),0407020ADAAAIAI,8960.0
Fentanyl_Tab Buccal 100mcg S/F,0407020A0AABCBC,2871720.0
Diamorph HCl_Inj 500mg Amp,0407020K0AAAGAG,203272500.0
Morph Sulf_Inj 1mg/ml 10ml Pfs,0407020Q0AAFJFJ,2904.0
Instanyl_Nsl Spy 100mcg (10D),0407020A0AABJBJ,4720.0
Oxylan_Tab 5mg M/R (Actavis UK Ltd),0407020ADAAAKAK,1400.0
Dihydrocodeine 30mg tablets,0407020G0AAACAC,3116439936.0
Tramadol 75mg / Dexketoprofen 25mg tablets,040702040AABDBD,6105.0
Morphine sulfate 10mg/10ml solution for injection ampoules,0407020Q0AAGAGA,45150.0
Morphine sulfate 50mg/50ml solution for infusion vials,0407020Q0AAENEN,7468.0
Tramadol 75mg modified-release tablets,040702040AAAPAP,635340.0
Fentanyl 600microgram buccal tablets sugar free,0407020A0AABFBF,10764360.0
Co-proxamol 32.5mg/325mg/5ml oral suspension,0407010Q0AAADAD,17542.200000000004
Methadone 50mg capsules,0407020M0AABLBL,739350.0
Zomestine 40mg modified-release tablets,0407020ADAAAHAH,650240.0
Oxycodone 10mg tablets,0407020ADAAAUAU,238440.0
Terpin 32.5mg/5ml / Codeine 16mg/5ml linctus,0309020X0AAAAAA,11776.0
Morphine sulfate 10mg/10ml inj Minijet pre-filled syringes,0407020Q0AAFJFJ,300.0
Morph Sulf_Tab 100mg M/R,0407020Q0AAAHAH,47910500.0
Palexia_SR Tab 200mg,0407020AGAAAFAF,1651920.0
Pentazocine_Lact Inj 30mg/ml 1ml Amp,0407020U0AAAAAA,2797.2
Diamorph HCl_Reefer 60mg,0407020K0AACGCG,5040.0
MST Continus 10mg tablets,0407020Q0AAAKAK,956237810.0
Longtec 40mg modified-release tablets,0407020ADAAAHAH,1808686640.0
Oxycodone 10mg/1ml solution for injection ampoules,0407020ADAAALAL,236525760.0
Zamadol 24hr 150mg modified-release tablets,040702040AAADAD,2221095.0
Bupeaze 70micrograms/hour transdermal patches,0407020B0AAAGAG,100793280.0
Hydromorphone 4mg modified-release capsules,040702050AAAGAG,9612880.0
Mabron 100mg modified-release tablets (Morningside),040702040AAACAC,8643740.0
Physeptone 50mg/1ml solution for injection ampoules,0407020M0AAACAC,16565850.0
Co-codamol 60mg/1000mg tablets,0407010F0AAAYAY,55764.0
Zapain_Cap 30mg/500mg,0407010F0AAADAD,77276493.0
Victanyl_Transdermal Patch 50mcg/hr,0407020A0AAAFAF,1671480.0
Morphine 5mg modified-release tablets,0407020Q0AACGCG,121901820.0
Tramadol 50mg modified-release capsules,040702040AAAGAG,231795460.0
Sevredol 20mg tablets,0407020Q0AACECE,226323240.0
Buprenorphine 70micrograms/hour transdermal patches,0407020B0AAAGAG,767792256.0
Renocontin 40mg modified-release tablets,0407020ADAAAHAH,11801440.0
Tapentadol 200mg modified-release tablets,0407020AGAAAFAF,349190960.0
Buprenorphine 52.5micrograms/hour transdermal patches,0407020B0AAAFAF,705841416.0
Relevtec 35micrograms/hour transdermal patches,0407020B0AAAEAE,19267248.0
Reltebon 60mg modified-release tablets,0407020ADAAAQAQ,62039640.0
Turgeon 70micrograms/hour transdermal patches,0407020B0AAAGAG,1640352.0
Dextroprop_Cap 60mg,0407020E0AAAAAA,336.00000000000006
Tilofyl 100micrograms/hour transdermal patches,0407020A0AAAHAH,385200.0
Diamorphine 3mg/5ml oral solution,0309010N0AAAJAJ,60.0
Oxycodone HCl_Cap 20mg,0407020ADAAAEAE,398003480.0
Zydol SR_Tab 100mg,040702040AAACAC,27502320.0
Oramorph_Oral Soln Conc 20mg/ml S/F,0407020Q0AAA6A6,131995200.0
Morph Sulf_Inj 20mg/1ml Amp,0407020Q0AAAFAF,3260760.0
Fentanyl_Tab Sublingual 400mcg S/F,0407020A0AAAZAZ,6653660.0
Dromadol SR_Tab 100mg,040702040AAACAC,161100.0
Butec 20micrograms/hour transdermal patches,0407020B0AAAJAJ,1802092656.0
Oxycodone 60mg modified-release tablets,0407020ADAAAQAQ,408531720.0
Migraleve Pink tablets,0407041A0AAAGAG,12945979.199999982
Solpadol 30mg/500mg caplets,0407010F0AAAHAH,226171836.0
Tradorec XL 200mg tablets,040702040AAAEAE,10869280.0
Morphgesic SR 60mg tablets,0407020Q0AAAIAI,112517340.0
Oxeltra 40mg modified-release tablets,0407020ADAAAHAH,80868560.0
Codipar 15mg/500mg effervescent tablets,0407010F0AAAWAW,429853.5
Morphine sulfate 10mg/2ml solution for injection ampoules,0407020Q0AABCBC,6390.0
Dextromoramide 5mg tablets,0407020D0AAADAD,187680.0
Morphine hydrochloride 1mg/1ml inj ampoules,0407020P0AABBBB,90.0
Co-Codamol Eff_Tab 8mg/500mg,0407010F0AAACAC,158887493.60000008
Physeptone_Tab 5mg,0407020M0AAAEAE,64486155.0
Diamorph HCl_Inj 100mg Amp,0407020K0AAAFAF,806293500.0
Matrifen_Patch 75mcg/hr,0407020A0AAAGAG,315855180.0
Morph Sulf_Cap 100mg M/R,0407020Q0AAEBEB,26957000.0
MXL_Cap 30mg,0407020Q0AAEGEG,9075030.0
Morph Sulph_Tab 15mg M/R,0407020Q0AACFCF,42805665.0
Zamadol SR_Cap 50mg,040702040AAAGAG,4075760.0
Morph Sulph_Suppos 5mg,0407020Q0AABJBJ,670.0
Fentanyl 200microgram buccal tablets sugar free,0407020A0AABDBD,32185656.0
Diamorphine 100mg powder for solution for injection ampoules,0407020K0AAAFAF,1080649500.0
Panadol Ultra 12.8mg/500mg tablets,0407010F0AAAPAP,78080.00000000003
Opiodur 25micrograms/hour transdermal patches (RX Farma),0407020A0AAAEAE,281700.0
Cynril 600microgram loz with integral oromucosal applicator,0407020A0AAAKAK,251706.0
Osmanil 12micrograms/hour transdermal patches,0407020A0AAAUAU,844732.8
Medocodene 30mg/500mg capsules,0407010F0AAADAD,3000.0
Fentanyl 800microgram buccal films sugar free,0407020A0AABVBV,4032.0
Kapake 30mg/500mg effervescent tablets,0407010F0AAAFAF,2472.0
Oxycodone 40mg/5ml / Naloxone 20mg/5ml oral suspension,0407020AFAAAEAE,20480.0
Durogesic DTrans_T/Derm Patch 25mcg,0407020A0AAAEAE,281144340.0
Fentanyl_Tab Buccal 400mcg S/F,0407020A0AABEBE,8778096.0
Alfentanil HCl_P/Spy 1mg/ml 5ml,1501043A0AAAEAE,227490.0
Solpadeine Mig Ibuprofen/Codeine_Tab,1001010J0AAAYAY,4096.000000000002
Ipecac & Morph_Mix BP 1980,0309020T0AAAHAH,128.24
MST Continus 5mg tablets,0407020Q0AACGCG,126746755.0
Mezolar Matrix 100micrograms/hour transdermal patches,0407020A0AAAHAH,484624080.0
Alfentanil 1mg/2ml solution for injection ampoules,1501043A0AAABAB,8649030.0
Durogesic DTrans 75micrograms/hour transdermal patches,0407020A0AAAGAG,596343060.0
OxyContin 15mg modified-release tablets,0407020ADAAASAS,32615790.0
PecFent 400micrograms/dose nasal spray,0407020A0AABPBP,8526400.0
Methadone 20mg/2ml solution for injection ampoules,0407020M0AAA3A3,2327040.0
Diamorphine 10mg powder for solution for injection vials,0407020K0AAEGEG,5770800.0
Morphine sulfate 10mg suppositories,0407020Q0AACQCQ,703640.0
Diamorph HCl_Inj 10mg Amp,0407020K0AAABAB,247612650.0
Zomorph_Cap 100mg,0407020Q0AAEBEB,504917800.0
Morph Sulf_Inj 15mg/1ml Amp,0407020Q0AAACAC,1864980.0
Morph Sulph_Cap 100mg M/R,0407020Q0AAEBEB,100172800.0
Morph Sulf_Tab 50mg,0407020Q0AADRDR,11275050.0
Oxycodone HCl_Tab 60mg M/R,0407020ADAAAQAQ,136945920.0
Tapentadol HCl_Tab 150mg M/R,0407020AGAAAEAE,12178200.0
Dextromoramide Tart_Tab 5mg,0407020D0AAADAD,835920.0
Distalgesic_Tab 32.5mg/325mg,0407010Q0AAAAAA,2353.0
Oramorph 10mg/5ml oral solution,0407020Q0AACNCN,3593310137.0
Zomorph 30mg modified-release capsules,0407020Q0AAEGEG,5093106930.0
Buprenorphine 200microgram sublingual tablets sugar free,0407020B0AAABAB,379200804.0
Zomorph 100mg modified-release capsules,0407020Q0AAEBEB,1658933500.0
Palexia SR 50mg tablets,0407020AGAAACAC,18584340.0
Diamorphine 10mg powder for solution for injection ampoules,0407020K0AAABAB,398890350.0
Oxycodone 20mg/2ml solution for injection ampoules,0407020ADAAAMAM,50881440.0
Tramacet 37.5mg/325mg effervescent tablets,040702040AABABA,2654092.5
Morph Sulf_Suppos 100mg,0407020Q0AABPBP,1200.0
Marol 100mg modified-release tablets (Morningside),040702040AAACAC,2733640.0
Morph Sulf_Oral Soln 10mg/5ml,0407020Q0AACNCN,363133128.0
OxyNorm_Inj 50mg/ml 1ml Amp,0407020ADAAANAN,11817600.0
Tramulief SR_Tab 200mg,040702040AAAEAE,31107280.0
MXL_Cap 120mg,0407020Q0AADVDV,21578160.0
Codeine Phos_Inj 60mg/ml 1ml Amp,0407020C0AAAAAA,49218.0
Diamorph HCl_Liq Spec 2.5mg/5ml,0309010N0AAAHAH,772.5
Morph Sulph_Liq Spec 2mg/5ml,0407020Q0AAFFFF,260.0
Oxylan_Tab 10mg M/R (Actavis UK Ltd),0407020ADAAAFAF,1960.0
Diamorph HCl_Liq Spec 2mg/5ml,0309010N0AAAKAK,208.0
Oxycodone 40mg modified-release tablets,0407020ADAAAHAH,910205920.0
Pethidine 50mg tablets,0407020V0AAACAC,54471660.0
Abtard 60mg modified-release tablets,0407020ADAAAQAQ,24087720.0
Tramadol 37.5mg / Paracetamol 325mg efferv tab sugar free,040702040AABABA,4389266.25
Maxitram SR 150mg capsules,040702040AAAIAI,12137385.0
Pethidine 100mg/2ml solution for injection ampoules,0407020V0AAAEAE,6314976.0
Lynlor 20mg capsules,0407020ADAAAEAE,101462720.0
Carexil 20mg modified-release tablets,0407020ADAAAGAG,162480.0
Leveraxo 30mg modified-release tablets,0407020ADAAARAR,28080.0
Diamorphine 130mg/5ml oral solution,0407020K0AAFNFN,101400.0
Aspirin/Codeine Phos_Tab Disper 500/8mg,0407010W0AAADAD,98800.00000000004
Nurofen Plus_Tab,1001010J0AAAYAY,506814.7199999999
Oxycodone HCl_Tab 80mg M/R,0407020ADAAAIAI,916585440.0
Tramadol HCl_Tab Solb 50mg S/F,040702040AAAFAF,46270030.0
OxyNorm_Inj 10mg/ml 1ml Amp,0407020ADAAALAL,6803120.0
Mst Continus_Tab 15mg,0407020Q0AACFCF,100101180.0
Larapam SR_Tab 100mg,040702040AAACAC,561060.0
Morph Sulf_Gran Sach 20mg M/R,0407020Q0AACVCV,1919820.0
Physeptone_Inj 10mg/ml 1ml Amp,0407020M0AAAVAV,2316480.0
Pentazocine_Lact Suppos 50mg,0407020U0AAABAB,1036.0
Morph Sulph_Oral Soln 100mg/5ml Udv S/F,0407020Q0AACUCU,2100.0
Morph Sulf_Suppos 20mg,0407020Q0AACRCR,10760.0
Abtard 80mg modified-release tablets,0407020ADAAAIAI,21990880.0
Oxypro 80mg modified-release tablets,0407020ADAAAIAI,69316800.0
Turgeon 35micrograms/hour transdermal patches,0407020B0AAAEAE,668304.0
Morphine sulfate 500micrograms/5ml oral solution,0407020Q0AAFDFD,7912.3
Diamorphine 100mg powder for solution for injection vials,0407020K0AAEHEH,12094800.0
Paramol tablets,0407010N0AAAJAJ,253.64000000000001
BuTrans_Transdermal Patch 10mcg/hr,0407020B0AAAIAI,321536880.0
Co-Codamol_Tab 30mg/500mg,0407010F0AAAHAH,6917570259.0
Codeine Phos_Tab 60mg,0407020C0AAAFAF,92844942.0
Zamadol Melt_Orodisper Tab 50mg,040702040AAATAT,1238340.0
Victanyl_Transdermal Patch 25mcg/hr,0407020A0AAAEAE,1169460.0
Abstral_Tab Sublingual 200mcg,0407020A0AAAXAX,2575768.0
MXL_Cap 150mg,0407020Q0AADWDW,28439400.0
Abstral_Tab Sublingual 300mcg,0407020A0AAAYAY,1088724.0
Actiq_Loz 400mcg,0407020A0AAAJAJ,2994576.0
Diamorph HCl_Reefer 100mg,0407020K0AABCBC,254400.0
Morph Sulf_Inj 10mg/ml 1ml Pfs,0407020Q0AAFCFC,12660.0
Co-codamol 12.8mg/500mg tablets,0407010F0AAAPAP,3813893.1200000015
Codeine 60mg tablets,0407020C0AAAFAF,158265810.0
Fencino 75micrograms/hour transdermal patches,0407020A0AAAGAG,569768580.0
Physeptone 5mg tablets,0407020M0AAAEAE,123147135.0
Effentora 600microgram buccal tablets,0407020A0AABFBF,7723836.0
Physeptone 20mg/2ml solution for injection ampoules,0407020M0AAA3A3,97020.0
Rebrikel 5micrograms/hour transdermal patches,0407020B0AAAHAH,29484.0
Co-codaprin 8mg/400mg tablets,0407010M0AAAAAA,2865.6
Tilofyl 25micrograms/hour transdermal patches,0407020A0AAAEAE,213840.0
Fentanyl_Transdermal Patch 25mcg/hr,0407020A0AAAEAE,956965320.0
Tramadol HCl_Cap 150mg M/R,040702040AAAIAI,139768200.0
Diamorph HCl_Inj 5mg Amp,0407020K0AAAAAA,72089175.0
Remedeine_Tab,0407010N0AAAHAH,6014008.0
Tramadol HCl_Inj 50mg/ml 2ml Amp,040702040AAABAB,530805.0
Morph Sulph_Tab 50mg,0407020Q0AADRDR,38641350.0
Tapentadol HCl_Tab 50mg M/R,0407020AGAAACAC,23824440.0
Zamadol SR_Cap 100mg,040702040AAAHAH,16678830.0
Pethidine HCl_Inj 10mg/ml 5ml Amp,0407020V0AAAPAP,2476.8000000000006
Bepro_Syr 6.75mg/5ml,0407020C0AABABA,40.5
Pethidine HCl_Inj 10mg/ml 1ml Amp,0407020V0AAAZAZ,1857.6
Codeine 30mg tablets,0407020C0AAAEAE,6274876683.0
Buprenorphine 10micrograms/hour transdermal patches,0407020B0AAAIAI,1506256248.0
Tramadol 50mg orodispersible tablets sugar free,040702040AAATAT,27616255.0
Mezolar Matrix 25micrograms/hour transdermal patches,0407020A0AAAEAE,335600640.0
Morphine 30mg modified-release granules sachets sugar free,0407020Q0AACPCP,16715190.0
Bupeaze 35micrograms/hour transdermal patches,0407020B0AAAEAE,82781664.0
Abtard 15mg modified-release tablets,0407020ADAAASAS,4057350.0
Ibuprofen 200mg / Codeine 12.8mg tablets,1001010J0AAAYAY,544931.8399999999
Oramorph 20mg/ml concentrated oral solution,0407020Q0AAA6A6,196055860.0
Co-dydramol 7.46mg/500mg tablets,0407010N0AAAJAJ,26220.407999999992
Pethidine 10mg/5ml oral solution,0407020V0AABABA,16.8
Methadone HCl_Inj 10mg/ml 3.5ml Amp,0407020M0AAATAT,2173860.0
Diamorph HCl_Inj 100mg Vl (Dry),0407020K0AAEHEH,10748400.0
Mezolar Matrix_TransdermalPatch 50mcg/hr,0407020A0AAAFAF,52729200.0
MXL_Cap 60mg,0407020Q0AAEHEH,11973120.0
Morph Sulph_Gran Sach 30mg M/R,0407020Q0AACPCP,5887500.0
Morph HCl_Liq Spec 10mg/5ml,0407020P0AAASAS,289636.0
Abstral_Tab Sublingual 800mcg,0407020A0AABBBB,2057120.0
Co-Codamol Eff_Pdr Sach 30mg/500mg,0407010F0AAAQAQ,600.0
Co-codamol 30mg/500mg effervescent tablets,0407010F0AAAFAF,1724218017.0
Buprenorphine 400microgram sublingual tablets sugar free,0407020B0AAADAD,727580232.0
Matrifen 75micrograms/hour transdermal patches,0407020A0AAAGAG,1143400860.0
Palexia 50mg tablets,0407020AGAAAAAA,9874460.0
Abtard 30mg modified-release tablets,0407020ADAAARAR,21148500.0
Onexila XL 20mg tablets,0407020ADAAAGAG,271680.0
Oxyact 10mg tablets,0407020ADAAAUAU,6800.0
Morphine sulfate 100mg suppositories,0407020Q0AABPBP,55900.0
Morphine hydrochloride 100mg/5ml oral solution,0407020P0AAAPAP,600.0
Galcodine_Linct 15mg/5ml S/F,0309010C0AAADAD,1276775.7
Buprenorphine_Patch 70mcg/hr (96hr),0407020B0AAAGAG,477769152.0
Kapake_Tab 30mg/500mg,0407010F0AAAHAH,88140669.0
OxyContin_Tab 15mg M/R,0407020ADAAASAS,13922490.0
Oxycodone_Suppos 60mg,0407020Z0AAABAB,1068480.0
Tapentadol HCl_Tab 50mg,0407020AGAAAAAA,20181160.0
Zydol XL_Tab 150mg,040702040AAADAD,712065.0
Zydol 100_Inj 50mg/ml 2ml Amp,040702040AAABAB,12030.0
Gppe Tab_Ultramol Solb,0407010X0AAAYAY,240.0
Papaveret/Hyoscine_Inj 15.4/0.4mg 1ml Am,0407020ABAAAIAI,12689.599999999999
Renocontin 10mg modified-release tablets,0407020ADAAAFAF,7687220.0
Morphine 10mg tablets,0407020Q0AACDCD,298557490.0
BuTrans 10micrograms/hour transdermal patches,0407020B0AAAIAI,489975864.0
Oxypro 40mg modified-release tablets,0407020ADAAAHAH,89343440.0
Shortec 20mg capsules,0407020ADAAAEAE,668939680.0
Morphine 60mg modified-release granules sachets sugar free,0407020Q0AADCDC,12576300.0
Prenotrix 70micrograms/hour transdermal patches,0407020B0AAAGAG,376320.0
Buprenorphine_Patch 5mcg/hr (7day),0407020B0AAAHAH,376343940.0
Codeine Phos_Linct Paed 3mg/5ml S/F,0309010C0AAAEAE,137252.4599999999
Zapain_Tab 30mg/500mg,0407010F0AAAHAH,491175252.0
Morph Sulf_Tab 15mg M/R,0407020Q0AACFCF,12579870.0
Tramacet_Tab Eff 37.5mg/325mg,040702040AABABA,1848903.75
Morphine sulfate 10mg/1ml solution for injection ampoules,0407020Q0AAABAB,808090480.0
Zomorph 200mg modified-release capsules,0407020Q0AAEIEI,543862200.0
Fentanyl 100micrograms/hour transdermal patches,0407020A0AAAHAH,1351008000.0
Renocontin 30mg modified-release tablets,0407020ADAAARAR,5169600.0
Zamadol SR 150mg capsules,040702040AAAIAI,6539250.0
Dihydrocodeine 10mg/5ml oral suspension,0407020G0AAAPAP,22328.0
Diamorphine 100mg impregnated cigarettes,0407020K0AABCBC,332200.0
Temgesic_Tab Subling 400mcg,0407020B0AAADAD,30609048.0
Effentora_Tab Buccal 100mcg,0407020A0AABCBC,503172.0
Morphine 60mg modified-release capsules,0407020Q0AAEHEH,442895760.0
Solpadol 30mg/500mg capsules,0407010F0AAADAD,57397635.0
OxyContin 60mg modified-release tablets,0407020ADAAAQAQ,159515880.0
Oxycodone 50mg/1ml solution for injection ampoules,0407020ADAAANAN,205193600.0
Alfentanil 500micrograms/1ml solution for injection ampoules,1501043A0AAAFAF,12120.0
Shortec 10mg/1ml solution for injection ampoules,0407020ADAAALAL,1743600.0
Opiodur 25micrograms/hour transdermal patches (Pfizer),0407020A0AAAEAE,270900.0
Oxylan 80mg modified-release tablets (Chanelle Medical),0407020ADAAAIAI,2863680.0
Fentanyl 800microgram sublingual tablets sugar free,0407020A0AABBBB,7793448.0
Generic Migraleve Pink tablets,0407041A0AAAGAG,8608.000000000002
Durogesic 25micrograms transdermal patches,0407020A0AAAEAE,140760.0
Diamorphine 10mg/5ml oral solution,0407020K0AADIDI,29592.0
Synastone 50mg/2ml solution for injection ampoules,0407020M0AAA6A6,2250.0
Morphine sulfate 1.5mg/5ml oral solution,0407020Q0AAFGFG,45.0
Morphine hydrochloride 1.5mg/5ml oral solution,0407020P0AAAWAW,9.0
Morph Sulph_Tab 10mg,0407020Q0AACDCD,80331660.0
Sevredol_Tab 10mg,0407020Q0AACDCD,103475780.0
Longtec_Tab 40mg M/R,0407020ADAAAHAH,21514000.0
Fentanyl_Nsl Spy 50mcg (10D),0407020A0AABHBH,7144.0
Methadone HCl_Cap 5mg,0407020M0AABUBU,19485.0
Diamorph HCl_Reefer 20mg,0407020K0AAEUEU,119840.0
Matrifen 50micrograms/hour transdermal patches,0407020A0AAAFAF,1698877440.0
Remedeine Forte tablets,0407010N0AAAIAI,79300470.0
Sevodyne 20micrograms/hour transdermal patches,0407020B0AAAJAJ,88249728.0
Oxeltra 30mg modified-release tablets,0407020ADAAARAR,53312640.0
Victanyl 12micrograms/hour transdermal patches,0407020A0AAAUAU,510796.8000000001
Mabron 150mg modified-release tablets (Teva),040702040AAADAD,436350.0
Buplast 70micrograms/hour transdermal patches,0407020B0AAAGAG,2679936.0
Tilodol SR 100mg tablets,040702040AAACAC,770780.0
Rebrikel 20micrograms/hour transdermal patches,0407020B0AAAJAJ,106512.0
Osmanil 50micrograms/hour transdermal patches,0407020A0AAAFAF,6414480.0
Morphgesic SR_Tab 10mg,0407020Q0AAAKAK,53053640.0
Oxycodone HCl_Inj 50mg/ml 1ml Amp,0407020ADAAANAN,59217600.0
Sevredol_Tab 20mg,0407020Q0AACECE,104487360.0
Morph Sulf_Cap 120mg M/R,0407020Q0AADVDV,4387680.0
Morph Sulph_Tab 200mg M/R,0407020Q0AAAGAG,72646600.0
Tramquel SR_Cap 50mg,040702040AAAGAG,452375.0
Synastone_Inj 25mg/ml 2ml Amp,0407020M0AAA6A6,228825.0
Morph Sulph_Inj 50mg/50ml Vl,0407020Q0AAENEN,884.0
Morph Sulf_Liq Spec 500mcg/5ml,0407020Q0AAFDFD,755.5
Methadone 5mg tablets,0407020M0AAAEAE,433076190.0
Zydol XL 400mg tablets,040702040AAANAN,4437200.0
Hydromorphone 8mg modified-release capsules,040702050AAACAC,16215320.0
Palladone SR 8mg capsules,040702050AAACAC,4244520.0
Morphine sulfate 10mg/1ml inj pre-filled syringes,0407020Q0AAFCFC,7560.0
Methadone 35mg/3.5ml solution for injection ampoules,0407020M0AAATAT,362040.0
Ixyldone 80mg modified-release tablets,0407020ADAAAIAI,557760.0
Dihydrocodeine 15mg/5ml oral solution,0407020G0AAANAN,180.0
Filnarine SR 200mg tablets,0407020Q0AAAGAG,556000.0
Diamorphine 15mg powder for solution for injection ampoules,0407020K0AAACAC,378000.0
Dolocodon PR 10mg tablets,0407020ADAAAFAF,1120.0
Dolocodon PR 5mg tablets,0407020ADAAAKAK,560.0
Instanyl 50micrograms/dose nasal spray,0407020A0AABHBH,960.0
Maxitram SR_Cap 100mg,040702040AAAHAH,12342620.0
Marol_Tab 200mg M/R,040702040AAAEAE,45074000.0
Tramadol HCl_Tab 300mg M/R,040702040AAAMAM,18588330.0
Zydol XL_Tab 400mg,040702040AAANAN,2210720.0
OxyContin_Tab 120mg M/R,0407020ADAAAPAP,69823920.0
Effentora_Tab Buccal 400mcg,0407020A0AABEBE,2920032.0
Filnarine SR_Tab 200mg,0407020Q0AAAGAG,498600.0
Diamorph HCl_Suppos 5mg,0407020K0AACUCU,30.0
Methadone HCl_Reefer 60mg,0407020M0AAAXAX,8820.0
Candox_Tab 5mg M/R,0407020ADAAAKAK,70.0
Oxypro 10mg modified-release tablets,0407020ADAAAFAF,64801460.0
Zydol SR 100mg tablets,040702040AAACAC,40777130.0
Targinact 5mg/2.5mg modified-release tablets,0407020AFAAACAC,19717790.0
Fentanyl 75micrograms/hour transdermal patches,0407020A0AAAGAG,806933880.0
Temgesic 400microgram sublingual tablets,0407020B0AAADAD,65691720.0
Actiq 200microgram loz with integral oromucosal applicator,0407020A0AAAIAI,9397622.0
Oldaram 100mg modified-release tablets,040702040AAACAC,61420.0
Morphine tartrate 15mg/1ml / Cyclizine tartrate 50mg inj amp,040702020AAABAB,182070.0
Codeine 15mg suppositories,0407020C0AAAQAQ,357.0
Ipecacuanha and Morphine mixture BP 1980,0309020T0AAAHAH,73.28
Codeine Phos_Linct 15mg/5ml,0309010C0AAAAAA,37492331.09999998
Methadone HCl_Tab 5mg,0407020M0AAAEAE,304535265.0
Codeine Phos_Oral Soln 25mg/5ml,0407020C0AAABAB,12164193.0
Fencino_Transdermal Patch 12mcg/hr,0407020A0AAAUAU,19586534.4
Tilofyl_Patch 100mcg/hr,0407020A0AAAHAH,1419120.0
Codipar_Capl 15mg/500mg,0407010F0AAAKAK,6801504.0
Solpadeine Max_Tab 12.8mg/500mg,0407010F0AAAPAP,158254.0800000001
Palladone-SR_Cap 4mg,040702050AAAGAG,2026340.0
Oxycodone 30mg modified-release tablets,0407020ADAAARAR,448058580.0
Mezolar Matrix 37.5microgram/hour transdermal patches,0407020A0AABWBW,168795360.0
Oxycodone 10mg/ml oral solution sugar free,0407020ADAAABAB,303211160.0
Abtard 10mg modified-release tablets,0407020ADAAAFAF,19113900.0
Mabron 150mg modified-release tablets (Morningside),040702040AAADAD,1680465.0
Zytram SR 150mg tablets,040702040AAADAD,65565.0
Shortec liquid 5mg/5ml oral solution,0407020ADAAAAAA,61584502.0
Ixyldone 40mg modified-release tablets,0407020ADAAAHAH,186880.0
Brimisol PR 100mg tablets,040702040AAACAC,30290.0
Zeridame SR 100mg tablets,040702040AAACAC,1153590.0
Oramorph 100mg/5ml oral solution unit dose vials,0407020Q0AACUCU,1800.0
Fentanyl 133microgram sublingual tablets sugar free,0407020A0AABXBX,5532.799999999999
Hydromorphone 20mg/1ml solution for injection ampoules,040702050AAAMAM,20000.0
Codipar_Cap 15mg/500mg,0407010F0AAAVAV,432598.5
Oxycodone HCl_Cap 5mg,0407020ADAAACAC,179537550.0
Tramacet_Tab 37.5mg/325mg,040702040AAAUAU,78080677.5
Pentazocine HCl_Tab 25mg,0407020T0AAABAB,8378983.0
Sevodyne 10micrograms/hour transdermal patches,0407020B0AAAIAI,73920504.0
Transtec 35micrograms/hour transdermal patches,0407020B0AAAEAE,382866960.0
OxyNorm 50mg/1ml solution for injection ampoules,0407020ADAAANAN,9156000.0
Methadone 50mg/1ml solution for injection ampoules,0407020M0AAACAC,147078000.0
MST Continus suspension 200mg granules sachets,0407020Q0AADEDE,5471200.0
Pethidine 50mg capsules,0407020V0AABFBF,77270.0
Tilofyl 50micrograms/hour transdermal patches,0407020A0AAAFAF,324360.0
Papaveretum 40mg/1ml solution for injection ampoules,0407020ABAAAKAK,6960.0
Morphine 30mg capsules,0407020Q0AADSDS,1800.0
Breakyl 200microgram buccal films,0407020A0AABTBT,12240.0
Galcodine 3mg/5ml linctus paediatric,0309010C0AAAEAE,6.0
Diamorph HCl_Inj 10mg Vl (Dry),0407020K0AAEGEG,4758360.0
Morph Sulph_Inj 30mg/1ml Amp,0407020Q0AAADAD,39783060.0
Fencino_Transdermal Patch 75mcg/hr,0407020A0AAAGAG,42805800.0
Hydromorphone HCl_Cap 24mg M/R,040702050AAABAB,14233680.0
OxyContin_Tab 5mg M/R,0407020ADAAAKAK,45937520.0
Gppe Inj_Pamergan P 100 2ml Amp,0407020V0AAAIAI,2424.0
Nobligan ret_Tab 100mg,040702040AAACAC,1720.0
Buprenorphine 5micrograms/hour transdermal patches,0407020B0AAAHAH,808884552.0
Victanyl 25micrograms/hour transdermal patches,0407020A0AAAEAE,5818680.0
MXL 150mg capsules,0407020Q0AADWDW,45682650.0
Zamadol Melt 50mg tablets,040702040AAATAT,3283955.0
Rapifen 5mg/10ml solution for injection ampoules,1501043A0AAACAC,27270.0
Actiq 800microgram loz with integral oromucosal applicator,0407020A0AAALAL,8392696.0
Recivit 267microgram sublingual tablets,0407020A0AABZBZ,78722.28000000001
Codeine 10mg/5ml oral liquid,0407020C0AAAYAY,1260.0
Morphine sulfate 2mg/5ml oral solution,0407020Q0AAFFFF,568.0
Morph Sulf_Tab 10mg M/R,0407020Q0AAAKAK,83834370.0
Tramadol HCl_Cap 100mg M/R,040702040AAAHAH,713101660.0
Durogesic DTrans_T/Derm Patch 12mcg,0407020A0AAAUAU,89166614.4
OxyContin_Tab 60mg M/R,0407020ADAAAQAQ,73724640.0
Fentanyl_Loz 600mcg,0407020A0AAAKAK,23541960.0
Tradorec XL_Tab 300mg,040702040AAAMAM,4064520.0
Palexia_SR Tab 150mg,0407020AGAAAEAE,1584240.0
Ultramol_Solb Tab,0407010X0AAAYAY,32126.4
Mst Continus_Susp Gran Sach 200mg,0407020Q0AADEDE,2622800.0
Dromadol SR_Tab 150mg,040702040AAADAD,49740.0
Oldaram_Tab 200mg M/R,040702040AAAEAE,75400.0
Codeine Phos_Liq Spec 10mg/5ml,0407020C0AAAYAY,500.0
Morph Sulf_Inj 30mg/ml 10ml Amp,0407020Q0AAFKFK,10080.0
Morph Sulph_Inj 50mg/5ml Amp,0407020Q0AAFWFW,300.0
Co-codamol 8mg/500mg tablets,0407010F0AAAAAA,1645554263.1999998
Co-dydramol 30mg/500mg tablets,0407010N0AAAIAI,154142265.0
Co-proxamol 32.5mg/325mg tablets,0407010Q0AAAAAA,153728565.25
Tapentadol 150mg modified-release tablets,0407020AGAAAEAE,260675040.0
Zamadol 24hr 300mg modified-release tablets,040702040AAAMAM,2661750.0
Morphine 50mg tablets,0407020Q0AADRDR,90305700.0
Methadone 5mg capsules,0407020M0AABUBU,2253735.0
Hydromorphone 2mg/1ml solution for injection ampoules,040702050AAALAL,39240.0
Co-Codamol_Tab 12.8mg/500mg,0407010F0AAAPAP,2493268.48
Methadone HCl_Inj 50mg/ml 1ml Amp,0407020M0AAACAC,159582150.0
Mezolar Matrix_TransdermalPatch 25mcg/hr,0407020A0AAAEAE,41116680.0
Tramadol HCl/Paracet_Tab 37.5mg/325mg,040702040AAAUAU,242683008.75
Dipipanone HCl/Cyclizine HCl_Tab 10/30mg,0407020H0AAABAB,17982220.0
Oldaram_Tab 100mg M/R,040702040AAACAC,174030.0
Palladone-SR_Cap 16mg,040702050AAAAAA,2936480.0
Morph Sulph_Inj 100mg/50ml Vl,0407020Q0AAELEL,2152.0
Morph Sulph_Inj 30mg/ml 10ml Amp,0407020Q0AAFKFK,106740.0
Pethidine HCl_Liq Spec 50mg/5ml,0407020V0AAATAT,1800.0
Morph Sulph_I/V Inf 30mg/30ml Vl,0407020Q0AAFPFP,224.0
Physeptone_Inj 10mg/ml 3.5ml Amp,0407020M0AAATAT,2520.0
Co-codamol 8mg/500mg capsules,0407010F0AAABAB,113052684.00000003
Oxypro 20mg modified-release tablets,0407020ADAAAGAG,89440280.0
Co-codamol 15mg/500mg effervescent tablets sugar free,0407010F0AAAWAW,29211159.0
OxyNorm 20mg capsules,0407020ADAAAEAE,277912520.0
Sevredol_Oral Soln 10mg/5ml,0407020Q0AACNCN,200.0
Actiq 1.2mg lozenges with integral oromucosal applicator,0407020A0AAANAN,8456760.0
Methadone 50mg/2ml solution for injection ampoules,0407020M0AAA6A6,4558500.0
Morphine sulfate 300mg/10ml solution for injection ampoules,0407020Q0AAFKFK,8460.0
Codeine 10mg suppositories,0407020C0AAALAL,24.0
Oxylan 10mg modified-release tablets (Actavis),0407020ADAAAFAF,1680.0
Oxycodone HCl_Tab 20mg M/R,0407020ADAAAGAG,870087480.0
OxyContin_Tab 30mg M/R,0407020ADAAARAR,69322380.0
Diamorph HCl_Liq Spec 130mg/5ml,0407020K0AAFNFN,702000.0
Co-Codaprin_Tab 8mg/400mg,0407010M0AAAAAA,3676.8
Dromadol SR_Tab 200mg,040702040AAAEAE,123480.0
Methadone HCl_Cap 100mg,0407020M0AABMBM,2386800.0
Zamadol_Inj 50mg/ml 2ml Amp,040702040AAABAB,2595.0
MST Continus 15mg tablets,0407020Q0AACFCF,322047885.0
Tapentadol 50mg tablets,0407020AGAAAAAA,315346700.0
Hapoctasin 52.5micrograms/hour transdermal patches,0407020B0AAAFAF,51014376.0
Zydol XL 300mg tablets,040702040AAAMAM,2317410.0
Diamorphine 30mg powder for solution for injection ampoules,0407020K0AAAEAE,502528500.0
Victanyl 100micrograms/hour transdermal patches,0407020A0AAAHAH,16709040.0
Palexia 75mg tablets,0407020AGAAABAB,1550340.0
Cyclimorph 15_Inj 1ml Amp,040702020AAABAB,5041890.0
Morph Sulf_Tab 10mg,0407020Q0AACDCD,27671690.0
Mst Continus_Tab 10mg,0407020Q0AAAKAK,533943880.0
Targinact_Tab 10mg/5mg M/R,0407020AFAAAAAA,40903740.0
Morph Sulph_Cap 150mg M/R,0407020Q0AADWDW,16041000.0
Morph Sulph_Suppos 50mg,0407020Q0AABVBV,9600.0
Dihydrocodeine Tart_Liq Spec 30mg/5ml,0407020G0AAAMAM,17706.0
Codeine 15mg tablets,0407020C0AAADAD,1522687500.0
Maxitram SR 200mg capsules,040702040AAAJAJ,36258520.0
Zamadol SR 100mg capsules,040702040AAAHAH,21119830.0
Tramadol 150mg modified-release tablets,040702040AAADAD,110257785.0
Bunov 20micrograms/hour transdermal patches,0407020B0AAAJAJ,70064400.0
Nurofen Plus tablets,1001010J0AAAYAY,838135.0399999998
Palexia SR 200mg tablets,0407020AGAAAFAF,19223760.0
Morphine 90mg modified-release capsules,0407020Q0AADUDU,27439200.0
Invodol SR 100mg tablets,040702040AAACAC,2464710.0
Co-dydramol 10mg/500mg/5ml oral suspension,0407010N0AAAGAG,66076.0
Carlosafine 70micrograms/hour transdermal patches,0407020B0AAAGAG,976416.0
Fentanyl 400microgram buccal films sugar free,0407020A0AABUBU,60840.0
Osmach 50micrograms/hour transdermal patches,0407020A0AAAFAF,21600.0
Fentanyl 267microgram sublingual tablets sugar free,0407020A0AABZBZ,4165.2
Diamorphine 25mg/5ml oral solution,0407020K0AADJDJ,1000.0
Buprenorphine_Tab Subling 200mcg S/F,0407020B0AAABAB,217171092.0
Morph Sulph_Oral Soln 10mg/5ml,0407020Q0AACNCN,947219448.0
Zomorph_Cap 60mg,0407020Q0AAEHEH,830214660.0
Codis 500_Tab 500mg/8mg,0407010W0AAADAD,21694.400000000005
Fencino_Transdermal Patch 100mcg/hr,0407020A0AAAHAH,86650560.0
OxyNorm_Cap 5mg,0407020ADAAACAC,100111380.0
Morph Sulf_Tab 60mg M/R,0407020Q0AAAIAI,92503740.0
Actiq_Loz 1.2mg,0407020A0AAANAN,5883228.0
Morph Sulph_Cap 200mg M/R,0407020Q0AAEIEI,57259800.0
Osmanil_Transdermal Patch 75mcg/hr,0407020A0AAAGAG,2852820.0
Mabron_Tab 100mg M/R (Teva),040702040AAACAC,1031750.0
Methadone HCl_Inj 20mg/ml 1ml Amp,0407020M0AAA8A8,4800.0
Lynlor_Cap 10mg,0407020ADAAADAD,92220.0
Morph Sulf_Inj 30mg/1ml 10ml Amp,0407020Q0AAFKFK,39600.0
Co-codamol 15mg/500mg capsules,0407010F0AAAVAV,248880675.0
Morphine 30mg modified-release tablets,0407020Q0AAALAL,1098091980.0
MXL 60mg capsules,0407020Q0AAEHEH,26183640.0
Reltebon 5mg modified-release tablets,0407020ADAAAKAK,14067510.0
Fentalis Reservoir 75micrograms/hour transdermal patches,0407020A0AAAGAG,10238400.0
Busiete 20micrograms/hour transdermal patches,0407020B0AAAJAJ,510384.0
Onexila XL 80mg tablets,0407020ADAAAIAI,373920.0
Osmanil 25micrograms/hour transdermal patches,0407020A0AAAEAE,3364380.0
Mylafent 75micrograms/hour transdermal patches,0407020A0AAAGAG,609120.0
Paracodol 8mg/500mg effervescent tablets,0407010F0AAACAC,558.4
Morphine sulfate 2.5mg/5ml solution for injection ampoules,0407020Q0AAAEAE,30.0
BuTrans_Transdermal Patch 5mcg/hr,0407020B0AAAHAH,157169964.0
Co-Codamol Eff_Tab 30mg/500mg,0407010F0AAAFAF,818463813.0
Morph Sulph_Tab 5mg M/R,0407020Q0AACGCG,16533930.0
Remedeine Fte_Tab,0407010N0AAAIAI,13877892.0
Morph Sulph_Inj 10mg/2ml Amp,0407020Q0AABCBC,7500.0
Hydromorphone HCl_Cap 16mg M/R,040702050AAAAAA,10194800.0
Mabron_Tab 200mg M/R (Teva),040702040AAAEAE,643440.0
Filnarine SR_Tab 100mg,0407020Q0AAAHAH,6239100.0
Oxylan_Tab 10mg M/R,0407020ADAAAFAF,183840.0
Synastone_Inj 50mg/ml 1ml Amp,0407020M0AAACAC,4394700.0
Rapifen_Inj 500mcg/ml 2ml Amp,1501043A0AAABAB,73350.0
Methadone HCl_Cap 50mg,0407020M0AABLBL,135300.0
Zydol_Inj 100mg/2ml Amp,040702040AAABAB,780.0
Tramadol 100mg modified-release capsules,040702040AAAHAH,811815440.0
Oxycodone 5mg modified-release tablets,0407020ADAAAKAK,154202940.0
Matrifen 100micrograms/hour transdermal patches,0407020A0AAAHAH,1936666080.0
Oxycodone 80mg modified-release tablets,0407020ADAAAIAI,701390720.0
Codeine 25mg/5ml oral solution,0407020C0AAABAB,25559627.5
Reltebon 40mg modified-release tablets,0407020ADAAAHAH,121844240.0
Actiq 400microgram loz with integral oromucosal applicator,0407020A0AAAJAJ,13905632.0
PecFent 100micrograms/dose nasal spray,0407020A0AABJBJ,1462848.0
Alfentanil 25mg/50ml solution for injection vials,1501043A0AAAHAH,930.0
Filnarine SR 60mg tablets,0407020Q0AAAIAI,3474240.0
Cuprofen PLUS tablets,1001010J0AAAYAY,18859.52
Durogesic 75micrograms transdermal patches,0407020A0AAAGAG,59400.0
Alfentanil HCl_Inj 500mcg/ml 2ml Amp,1501043A0AAABAB,2104200.0
Durogesic_Transdermal Patch 100mcg,0407020A0AAAHAH,446400.0
Kapake_Cap 30mg/500mg,0407010F0AAADAD,31255044.0
Tramquel SR_Cap 150mg,040702040AAAIAI,657585.0
Kapake_Tab 15mg/500mg,0407010F0AAAKAK,481441.5
PecFent_Nsl Spy 400mcg (8D),0407020A0AABPBP,1460672.0
Rapifen Intensive Care_Inj 5mg/1ml Amp,1501043A0AAADAD,623700.0
Dypracet_Tab 20mg/500mg,0407010N0AAAHAH,10704.000000000002
Palfium_Tab 5mg,0407020D0AAADAD,201920.0
Oxylan_Tab 40mg M/R,0407020ADAAAHAH,420480.0
Tephine_Tab Subling 400mcg,0407020B0AAADAD,4416.0
Reletrans 10micrograms/hour transdermal patches,0407020B0AAAIAI,110840520.0
Morphine 15mg modified-release tablets,0407020Q0AACFCF,209779350.0
Zydol SR 200mg tablets,040702040AAAEAE,37449980.0
Reltebon 30mg modified-release tablets,0407020ADAAARAR,54631320.0
Mezolar Matrix 75micrograms/hour transdermal patches,0407020A0AAAGAG,324635580.0
Palexia SR 150mg tablets,0407020AGAAAEAE,13861560.000000002
Oxycodone 5mg / Naloxone 2.5mg modified-release tablets,0407020AFAAACAC,28071260.0
Co-codamol 30mg/500mg/5ml oral solution sugar free,0407010F0AAAZAZ,173480.4
Reltebon 10mg modified-release tablets,0407020ADAAAFAF,57604860.0
OxyContin 120mg modified-release tablets,0407020ADAAAPAP,123623280.0
Palladone 2.6mg capsules,040702050AAADAD,2247180.0
Leveraxo 40mg modified-release tablets,0407020ADAAAHAH,52640.0
Carexil 5mg modified-release tablets,0407020ADAAAKAK,32080.0
Dromadol SR 200mg tablets,040702040AAAEAE,64720.0
Palfium 5mg tablets,0407020D0AAADAD,3920.0
Dolocodon PR 20mg tablets,0407020ADAAAGAG,2240.0
Oxylan 5mg modified-release tablets (Actavis),0407020ADAAAKAK,840.0
Fentanyl_Transdermal Patch 12mcg/hr,0407020A0AAAUAU,361720598.39999986
Mst Continus_Tab 5mg,0407020Q0AACGCG,33439775.0
Osmanil_Transdermal Patch 50mcg/hr,0407020A0AAAFAF,3209760.0
Temgesic_Tab Subling 200mcg,0407020B0AAABAB,45068136.0
Tramquel SR_Cap 100mg,040702040AAAHAH,1591070.0
Cyclimorph 10_Inj 1ml Amp,040702020AAAAAA,1938540.0
Morph Sulph_Inj 60mg/2ml Amp,0407020Q0AAAMAM,7636680.0
Palladone_Cap 2.6mg,040702050AAADAD,1733797.0
Morph Sulf_Gran Sach 60mg M/R,0407020Q0AADCDC,1493100.0
Morph/Cyclizine_Inj 15mg/50mg 1ml Amp,040702020AAABAB,346770.0
Cuprofen Plus_Tab,1001010J0AAAYAY,88707.84000000008
Oxylan_Tab 20mg M/R (Actavis UK Ltd),0407020ADAAAGAG,20160.0
Alfentanil HCl_Inj 500mcg/ml Amp,1501043A0AAAFAF,8040.0
Codeine Phos_Suppos 15mg,0407020C0AAAQAQ,141.0
Zapain 30mg/500mg capsules,0407010F0AAADAD,775479813.0
Butec 5micrograms/hour transdermal patches,0407020B0AAAHAH,781582032.0
Migraleve Yellow tablets,0407010F0AAAAAA,3072939.199999998
Palexia 20mg/ml oral solution,0407020AGAAAHAH,309296.0
Abstral 600microgram sublingual tablets,0407020A0AABABA,8602854.0
Aceon_Tab 200mg M/R,040702040AAAEAE,2320.0
Marol 200mg modified-release tablets (Morningside),040702040AAAEAE,2630720.0
Prenotrix 35micrograms/hour transdermal patches,0407020B0AAAEAE,163296.0
Palladone 10mg/1ml solution for injection ampoules,040702050AAANAN,2200.0
Tramadol HCl_Cap 50mg M/R,040702040AAAGAG,161028985.0
Zamadol_Cap 50mg,040702040AAAAAA,7452465.0
Actiq_Loz 200mcg,0407020A0AAAIAI,2632968.0
Morph Sulf_Tab 200mg M/R,0407020Q0AAAGAG,14572400.0
Dihydrocodeine Tart_Liq Spec 10mg/5ml,0407020G0AAAPAP,118229.79999999999
Morph Sulph_Liq Spec 500mcg/5ml,0407020Q0AAFDFD,1729.4
Physeptone_Inj 10mg/ml 5ml Amp,0407020M0AAANAN,190380.0
Morph Sulph_Suppos 100mg,0407020Q0AABPBP,57000.0
Tramulief SR 100mg tablets,040702040AAACAC,303835500.0
BuTrans 5micrograms/hour transdermal patches,0407020B0AAAHAH,252137340.0
Oxeltra 15mg modified-release tablets,0407020ADAAASAS,16284450.0
Morphine sulfate 20mg/ml oral solution sugar free,0407020Q0AAA6A6,171230340.0
Fentanyl 600microgram lozenges,0407020A0AAAKAK,35063184.0
Dipipanone 10mg / Cyclizine 30mg tablets,0407020H0AAABAB,13909960.0
Pethidine 50mg/1ml solution for injection ampoules,0407020V0AAAAAA,10791468.0
Abstral 400microgram sublingual tablets,0407020A0AAAZAZ,17381312.0
Oxycodone 5mg/5ml oral solution,0407020ADAAAJAJ,441606.0
Ixyldone 10mg modified-release tablets,0407020ADAAAFAF,179480.0
Mabron 200mg modified-release tablets (Morningside),040702040AAAEAE,5404680.0
Mabron 200mg modified-release tablets (Teva),040702040AAAEAE,906680.0
Morphine sulfate 15mg/1ml solution for injection ampoules,0407020Q0AAACAC,19964070.0
Syndol Headache Relief tablets,0407010X0AAAJAJ,25935.200000000004
Palladone SR 16mg capsules,040702050AAAAAA,2750720.0
Codis 500 dispersible tablets,0407010W0AAADAD,54524.799999999974
Mylafent 100micrograms/hour transdermal patches,0407020A0AAAHAH,1308960.0
Oxyargin 5mg/2.5mg modified-release tablets,0407020AFAAACAC,3920.0
Morphine hydrochloride 5mg/5ml oral solution,0407020P0AAARAR,400.0
Codeine Phos_Linct 15mg/5ml S/F,0309010C0AAADAD,16244697.6
Morph Sulph_Tab 20mg,0407020Q0AACECE,63414760.0
Mst Continus_Susp Gran Sach 30mg,0407020Q0AACPCP,7613670.0
Co-Codamol_Tab Eff 15mg/500mg S/F,0407010F0AAAWAW,6783699.0
Longtec_Tab 10mg M/R,0407020ADAAAFAF,10668440.0
Morph Sulph_Liq Spec 3.35mg/5ml,0407020Q0AAFBFB,33.5
Sevredol 10mg tablets,0407020Q0AACDCD,285943950.0
Morphine 20mg modified-release granules sachets sugar free,0407020Q0AACVCV,22886320.0
OxyContin 80mg modified-release tablets,0407020ADAAAIAI,394620640.0
Morphine 120mg modified-release capsules,0407020Q0AADVDV,34308240.0
Solpadeine Max 12.8mg/500mg tablets,0407010F0AAAPAP,510168.3200000003
Relevtec 70micrograms/hour transdermal patches,0407020B0AAAGAG,22848672.0
Tradorec XL 100mg tablets,040702040AAACAC,5769940.0
Fentanyl 400microgram lozenges,0407020A0AAAJAJ,57057624.0
Palladone SR 2mg capsules,040702050AAAFAF,1088820.0
Carlosafine 52.5micrograms/hour transdermal patches,0407020B0AAAFAF,428400.0
Shortec 20mg/2ml solution for injection ampoules,0407020ADAAAMAM,346320.0
Osmach 75micrograms/hour transdermal patches,0407020A0AAAGAG,221400.0
Paramol soluble tablets,0407010N0AAAKAK,259.608
Breakyl 400microgram buccal films,0407020A0AABUBU,3600.0
Morphine hydrochloride 50mg/50ml inf pre-filled syringes,0407020P0AABABA,192.0
